ID,timestamp,temperature,humidity
1,09/12/0014 00:03,25.16,36.47
2,09/12/0014 00:13,24.83,35.52
3,09/12/0014 00:23,24.83,35.68
4,09/12/0014 00:33,24.83,35.84
5,09/12/0014 00:44,24.83,35.99
6,09/12/0014 00:54,24.51,36.15
7,09/12/0014 01:04,24.19,36.15
8,09/12/0014 01:14,24.19,35.99
9,09/12/0014 01:25,24.19,36.15
10,09/12/0014 01:35,24.19,36.62
11,09/12/0014 01:45,23.87,36.15
12,09/12/0014 01:56,23.87,36.31
13,09/12/0014 02:06,23.87,36.31
14,09/12/0014 02:16,23.87,36.31
15,09/12/0014 02:26,23.87,36.15
16,09/12/0014 02:37,23.54,36.94
17,09/12/0014 02:47,23.54,36.78
18,09/12/0014 02:57,23.22,36.78
19,09/12/0014 03:07,22.9,37.57
20,09/12/0014 03:18,NaN,38.04
21,09/12/0014 03:28,22.58,38.04
22,09/12/0014 03:38,22.58,38.2
23,09/12/0014 03:48,22.58,38.04
24,09/12/0014 03:59,22.9,38.2
25,09/12/0014 04:09,23.22,37.73
26,09/12/0014 04:19,23.54,37.57
27,09/12/0014 04:30,23.54,37.41
28,09/12/0014 04:40,23.87,37.1
29,09/12/0014 04:50,23.54,37.1
30,09/12/0014 05:00,23.54,37.25
31,09/12/0014 05:11,23.22,37.73
32,09/12/0014 05:21,23.54,37.41
33,09/12/0014 05:31,23.54,37.25
34,09/12/0014 05:41,23.22,38.36
35,09/12/0014 05:52,22.9,38.2
36,09/12/0014 06:02,22.58,38.67
37,09/12/0014 06:12,22.58,39.15
38,09/12/0014 06:22,22.9,38.83
39,09/12/0014 06:33,22.9,39.15
40,09/12/0014 06:43,23.22,38.36
41,09/12/0014 06:53,23.22,38.52
42,09/12/0014 07:04,23.22,38.67
43,09/12/0014 07:14,22.58,39.46
44,09/12/0014 07:24,22.9,38.99
45,09/12/0014 07:34,22.9,39.15
46,09/12/0014 07:45,22.58,38.99
47,09/12/0014 07:55,22.9,38.99
48,09/12/0014 08:05,23.22,38.52
49,09/12/0014 08:15,23.54,37.57
50,09/12/0014 08:26,23.87,37.25
51,09/12/0014 08:36,24.19,37.41
52,09/12/0014 08:46,24.19,37.1
53,09/12/0014 08:56,24.19,36.94
54,09/12/0014 09:07,23.87,37.1
55,09/12/0014 09:17,23.87,37.1
56,09/12/0014 09:27,23.87,NaN
57,09/12/0014 09:38,23.87,37.1
58,09/12/0014 09:48,23.87,36.94
59,09/12/0014 09:58,23.87,36.94
60,09/12/0014 10:08,23.87,37.25
61,09/12/0014 10:19,23.87,37.25
62,09/12/0014 10:29,23.87,37.1
63,09/12/0014 10:39,23.54,36.78
64,09/12/0014 10:49,23.54,37.1
65,09/12/0014 11:00,23.54,37.1
66,09/12/0014 11:10,23.54,37.25
67,09/12/0014 11:20,23.54,NaN
68,09/12/0014 11:30,23.54,37.25
69,09/12/0014 11:41,23.54,37.1
70,09/12/0014 11:51,23.54,36.94
71,09/12/0014 12:01,23.22,36.78
72,09/12/0014 12:12,23.22,37.1
73,09/12/0014 12:22,23.22,36.78
74,09/12/0014 12:32,23.22,37.1
75,09/12/0014 12:42,23.22,37.1
76,09/12/0014 12:53,23.22,36.78
77,09/12/0014 13:03,23.22,36.78
78,09/12/0014 13:13,23.22,36.94
79,09/12/0014 13:23,23.22,36.78
80,09/12/0014 13:34,23.22,37.25
81,09/12/0014 13:44,23.22,37.25
82,09/12/0014 13:54,23.22,36.94
83,09/12/0014 14:04,22.9,36.94
84,09/12/0014 14:15,22.9,37.1
85,09/12/0014 14:25,22.9,37.25
86,09/12/0014 14:35,22.9,37.25
87,09/12/0014 14:46,22.9,36.78
88,09/12/0014 14:56,22.9,36.94
89,09/12/0014 15:06,22.9,37.1
90,09/12/0014 15:16,22.9,37.1
91,09/12/0014 15:27,22.9,37.1
92,09/12/0014 15:37,22.9,37.25
93,09/12/0014 15:47,22.9,37.1
94,09/12/0014 15:57,22.9,37.1
95,09/12/0014 16:08,22.9,37.1
96,09/12/0014 16:18,22.9,37.25
97,09/12/0014 16:28,22.9,NaN
98,09/12/0014 16:38,22.9,37.25
99,09/12/0014 16:49,22.9,37.1
100,09/12/0014 16:59,22.9,37.41
101,09/12/0014 17:09,22.9,37.1
102,09/12/0014 17:20,22.9,37.25
103,09/12/0014 17:30,22.9,37.25
104,09/12/0014 17:40,22.58,37.1
105,09/12/0014 17:50,22.9,37.25
106,09/12/0014 18:01,22.58,37.25
107,09/12/0014 18:11,22.9,37.1
108,09/12/0014 18:21,22.58,37.1
109,09/12/0014 18:31,22.58,36.94
110,09/12/0014 18:42,22.58,37.41
111,09/12/0014 18:52,22.58,37.1
112,09/12/0014 19:02,22.58,36.94
113,09/12/0014 19:12,22.58,36.94
114,09/12/0014 19:23,22.58,37.1
115,09/12/0014 19:33,22.58,37.1
116,09/12/0014 19:43,22.58,37.41
117,09/12/0014 19:54,22.58,37.41
118,09/12/0014 20:04,22.58,37.1
119,09/12/0014 20:14,NaN,37.1
120,09/12/0014 20:24,22.58,37.25
121,09/12/0014 20:35,22.58,37.25
122,09/12/0014 20:45,22.9,37.1
123,09/12/0014 20:55,22.9,37.25
124,09/12/0014 21:05,22.9,37.25
125,09/12/0014 21:16,23.22,36.94
126,09/12/0014 21:26,23.54,36.78
127,09/12/0014 21:36,23.54,36.62
128,09/12/0014 21:46,23.54,36.62
129,09/12/0014 21:57,23.87,36.62
130,09/12/0014 22:07,23.87,36.78
131,09/12/0014 22:17,23.87,36.47
132,09/12/0014 22:28,23.87,36.47
133,09/12/0014 22:38,24.19,36.47
134,09/12/0014 22:48,24.19,36.62
135,09/12/0014 22:58,24.19,36.47
136,09/12/0014 23:09,24.19,36.78
137,09/12/0014 23:19,23.87,37.25
138,09/12/0014 23:29,23.87,37.25
139,09/12/0014 23:39,24.19,37.41
140,09/12/0014 23:50,24.19,37.41
141,10/12/0014 01:50,24.19,37.88
142,10/12/0014 02:01,23.87,38.67
143,10/12/0014 02:11,23.87,38.83
144,10/12/0014 02:21,23.87,38.67
145,10/12/0014 02:31,23.87,38.99
146,10/12/0014 08:45,24.51,42.14
147,10/12/0014 08:55,24.51,42.14
148,10/12/0014 09:05,24.51,41.51
149,10/12/0014 09:15,NaN,41.67
150,10/12/0014 09:26,24.51,41.35
151,10/12/0014 09:36,24.51,41.51
152,10/12/0014 09:46,24.51,41.2
153,10/12/0014 09:56,24.51,41.2
154,10/12/0014 10:07,24.51,41.67
155,10/12/0014 10:17,NaN,41.35
156,10/12/0014 10:27,24.51,41.35
157,10/12/0014 10:37,24.51,41.2
158,10/12/0014 10:48,24.51,41.2
159,10/12/0014 10:58,24.19,41.51
160,10/12/0014 11:08,24.19,41.67
161,10/12/0014 11:19,24.19,41.2
162,10/12/0014 11:29,24.19,41.35
163,10/12/0014 11:39,NaN,41.67
164,10/12/0014 11:49,24.19,42.14
165,10/12/0014 12:00,23.87,42.14
166,10/12/0014 12:10,23.87,NaN
167,10/12/0014 12:20,23.87,42.14
168,10/12/0014 12:30,23.87,42.14
169,10/12/0014 12:41,23.87,42.3
170,10/12/0014 12:51,23.54,41.98
171,10/12/0014 13:01,23.87,41.98
172,10/12/0014 13:11,23.54,42.3
173,10/12/0014 13:22,23.54,42.3
174,10/12/0014 13:32,23.54,41.98
175,10/12/0014 13:42,23.54,42.14
176,10/12/0014 13:53,23.54,42.14
177,10/12/0014 14:03,23.54,42.14
178,10/12/0014 14:13,23.54,42.14
179,10/12/0014 14:23,23.54,42.3
180,10/12/0014 14:34,23.54,42.46
181,10/12/0014 14:44,23.54,42.14
182,10/12/0014 14:54,23.54,42.3
183,10/12/0014 15:04,23.54,42.61
184,10/12/0014 15:15,23.22,42.61
185,10/12/0014 15:25,23.54,42.14
186,10/12/0014 15:35,23.22,42.3
187,10/12/0014 15:45,23.22,42.3
188,10/12/0014 15:56,23.54,42.3
189,10/12/0014 16:06,23.22,42.14
190,10/12/0014 16:16,23.22,42.46
191,10/12/0014 16:27,23.22,42.3
192,10/12/0014 16:37,23.22,42.3
193,10/12/0014 16:47,23.22,42.46
194,10/12/0014 16:57,23.22,NaN
195,10/12/0014 17:08,23.22,42.61
196,10/12/0014 17:18,23.22,42.3
197,10/12/0014 17:28,23.22,42.77
198,10/12/0014 17:38,23.22,42.77
199,10/12/0014 17:49,23.22,42.61
200,10/12/0014 17:59,23.22,NaN
201,10/12/0014 18:09,23.22,42.46
202,10/12/0014 18:19,23.22,42.77
203,10/12/0014 18:30,23.22,42.3
204,10/12/0014 18:40,22.9,42.46
205,10/12/0014 18:50,22.9,42.46
206,10/12/0014 19:01,22.9,42.77
207,10/12/0014 19:11,22.9,42.61
208,10/12/0014 19:21,22.9,42.46
209,10/12/0014 19:31,23.22,42.61
210,10/12/0014 19:42,22.9,42.46
211,10/12/0014 19:52,22.9,42.61
212,10/12/0014 20:02,22.9,NaN
213,10/12/0014 20:12,NaN,42.46
214,10/12/0014 20:23,22.9,42.77
215,10/12/0014 20:33,NaN,42.46
216,10/12/0014 20:43,22.9,42.61
217,10/12/0014 20:53,23.22,42.3
218,10/12/0014 21:04,22.9,42.61
219,10/12/0014 21:14,23.22,41.83
220,10/12/0014 21:24,23.54,42.14
221,10/12/0014 21:35,23.54,41.83
222,10/12/0014 21:45,23.54,41.67
223,10/12/0014 21:55,23.54,41.51
224,10/12/0014 22:05,23.87,41.35
225,10/12/0014 22:16,23.87,41.51
226,15/12/0014 01:49,22.9,43.09
227,15/12/0014 02:00,23.54,43.72
228,16/12/0014 03:19,30.96,10.77
229,16/12/0014 03:40,31.29,12.03
230,16/12/0014 04:41,30.32,11.4
231,16/12/0014 04:51,29.35,11.4
232,16/12/0014 05:02,29.03,10.77
233,16/12/0014 05:12,29.03,10.45
234,16/12/0014 05:22,28.06,15.18
235,16/12/0014 05:32,28.06,11.4
236,16/12/0014 05:43,23.54,28.42
237,16/12/0014 05:53,21.61,37.57
238,16/12/0014 06:03,22.58,37.25
239,16/12/0014 06:14,20.96,NaN
240,16/12/0014 06:24,20.32,41.2
241,16/12/0014 06:34,19.67,41.67
242,16/12/0014 06:44,20.32,37.73
243,16/12/0014 06:55,21.29,32.52
244,16/12/0014 07:05,21.61,NaN
245,16/12/0014 07:15,20.64,35.84
246,16/12/0014 07:25,20.96,35.36
247,16/12/0014 07:36,18.06,33.63
248,16/12/0014 07:46,19.35,34.1
249,16/12/0014 07:56,17.41,35.84
250,16/12/0014 08:06,16.77,37.73
251,16/12/0014 08:17,16.77,37.1
252,16/12/0014 08:27,16.77,33.15
253,16/12/0014 08:37,17.09,31.11
254,16/12/0014 08:48,17.09,31.89
255,16/12/0014 08:58,17.09,33.31
256,16/12/0014 09:08,17.09,NaN
257,16/12/0014 09:18,16.77,28.58
258,16/12/0014 09:29,16.77,26.38
259,16/12/0014 09:39,16.45,29.37
260,16/12/0014 09:49,16.12,31.42
261,16/12/0014 09:59,15.8,32.52
262,16/12/0014 10:10,15.48,31.42
263,16/12/0014 10:20,15.16,32.37
264,16/12/0014 10:30,14.51,33.47
265,16/12/0014 10:40,14.83,33.15
266,16/12/0014 10:51,14.51,34.42
267,16/12/0014 11:01,14.19,33.79
268,16/12/0014 11:11,13.87,35.52
269,16/12/0014 11:22,13.87,36.15
270,16/12/0014 11:32,13.87,36.15
271,16/12/0014 11:42,13.87,35.99
272,16/12/0014 11:52,13.22,37.1
273,16/12/0014 12:03,13.54,36.78
274,16/12/0014 12:13,13.54,36.62
275,16/12/0014 12:23,13.22,36.62
276,16/12/0014 12:33,13.22,37.25
277,16/12/0014 12:44,11.93,48.61
278,16/12/0014 12:54,12.25,61.53
279,16/12/0014 13:04,12.58,53.97
280,16/12/0014 13:14,12.58,50.34
281,16/12/0014 13:25,12.58,NaN
282,16/12/0014 13:35,12.25,41.98
283,16/12/0014 13:45,12.58,41.83
284,16/12/0014 13:56,12.25,42.77
285,16/12/0014 14:06,11.93,44.35
286,16/12/0014 14:16,11.93,NaN
287,16/12/0014 14:26,12.58,42.77
288,16/12/0014 14:37,12.25,43.09
289,16/12/0014 14:47,11.93,44.19
290,16/12/0014 14:57,11.93,44.19
291,16/12/0014 15:07,11.61,44.35
292,16/12/0014 15:18,11.61,44.82
293,16/12/0014 15:28,11.29,45.61
294,16/12/0014 15:38,11.29,45.93
295,16/12/0014 15:48,11.29,46.08
296,16/12/0014 15:59,10.96,46.71
297,16/12/0014 16:09,11.29,45.77
298,16/12/0014 16:19,10.64,46.87
299,16/12/0014 16:30,10.96,45.93
300,16/12/0014 16:40,11.29,46.56
301,16/12/0014 16:50,10.96,47.19
302,16/12/0014 17:00,10.96,47.34
303,16/12/0014 17:11,10.64,48.29
304,16/12/0014 17:21,10.96,47.98
305,16/12/0014 17:31,10.96,47.34
306,16/12/0014 17:41,10.32,48.76
307,16/12/0014 17:52,10.64,48.13
308,16/12/0014 18:02,10.64,47.5
309,16/12/0014 18:12,10.64,47.34
310,16/12/0014 18:22,10.64,47.19
311,16/12/0014 18:33,10.64,47.34
312,16/12/0014 18:43,10.64,47.03
313,16/12/0014 18:53,10.64,47.66
314,16/12/0014 19:04,10.64,47.66
315,16/12/0014 19:14,10.64,47.34
316,16/12/0014 19:24,10.32,48.13
317,16/12/0014 19:34,10.64,47.66
318,16/12/0014 19:45,10.64,48.13
319,16/12/0014 19:55,10.96,46.71
320,16/12/0014 20:05,11.29,46.24
321,16/12/0014 20:15,11.29,46.4
322,16/12/0014 20:26,11.29,45.77
323,16/12/0014 20:36,11.61,44.66
324,16/12/0014 20:46,11.93,44.82
325,16/12/0014 20:56,12.25,42.93
326,16/12/0014 21:07,12.58,42.14
327,16/12/0014 21:17,12.9,41.35
328,16/12/0014 21:27,13.54,41.04
329,16/12/0014 21:38,13.54,38.83
330,16/12/0014 21:48,14.51,38.52
331,16/12/0014 21:58,14.51,37.25
332,16/12/0014 22:08,15.48,36.31
333,16/12/0014 22:19,18.7,33
334,16/12/0014 22:29,17.41,34.42
335,16/12/0014 22:39,18.7,31.58
336,16/12/0014 22:49,20.32,31.42
337,16/12/0014 23:00,19.35,31.58
338,16/12/0014 23:10,20.32,31.26
339,16/12/0014 23:20,21.29,30.79
340,16/12/0014 23:30,22.58,31.89
341,16/12/0014 23:41,22.25,28.9
342,16/12/0014 23:51,22.25,29.21
343,17/12/0014 00:01,20.96,NaN
344,17/12/0014 00:12,20.96,27.32
345,17/12/0014 00:22,22.9,28.27
346,17/12/0014 00:32,21.93,26.06
347,17/12/0014 00:42,22.25,25.27
348,17/12/0014 00:53,22.58,25.74
349,17/12/0014 01:03,18.38,28.27
350,17/12/0014 01:13,20.64,26.22
351,17/12/0014 01:23,20.96,25.59
352,17/12/0014 01:34,19.67,NaN
353,17/12/0014 01:44,19.67,25.74
354,17/12/0014 01:54,21.61,27.16
355,17/12/0014 02:04,21.29,26.22
356,17/12/0014 02:15,22.58,29.06
357,17/12/0014 02:25,NaN,29.37
358,17/12/0014 02:35,21.61,26.06
359,17/12/0014 02:46,21.61,28.42
360,17/12/0014 02:56,21.29,27.64
361,17/12/0014 03:06,21.29,28.27
362,17/12/0014 03:16,21.93,25.9
363,17/12/0014 03:27,21.93,26.22
364,17/12/0014 03:37,22.25,25.74
365,17/12/0014 03:47,21.93,27.48
366,17/12/0014 03:57,21.61,24.48
367,17/12/0014 04:08,23.87,27.79
368,17/12/0014 04:18,23.87,24.8
369,17/12/0014 04:28,24.51,24.8
370,17/12/0014 04:38,24.19,24.8
371,17/12/0014 04:49,23.54,23.54
372,17/12/0014 04:59,NaN,24.33
373,17/12/0014 05:09,24.51,25.43
374,17/12/0014 05:20,23.54,26.85
375,17/12/0014 05:30,25.16,25.74
376,17/12/0014 05:40,23.87,25.74
377,17/12/0014 05:50,22.9,25.43
378,17/12/0014 06:01,24.19,24.8
379,17/12/0014 06:11,22.25,25.27
380,17/12/0014 06:21,22.25,25.43
381,17/12/0014 06:31,21.93,25.9
382,17/12/0014 06:42,22.25,25.9
383,17/12/0014 06:52,21.93,27.32
384,17/12/0014 07:02,21.93,28.58
385,17/12/0014 07:12,22.58,27.32
386,17/12/0014 07:23,21.61,28.9
387,17/12/0014 07:33,20.64,30.95
388,17/12/0014 07:43,20.64,31.26
389,17/12/0014 07:54,19.35,33.63
390,17/12/0014 08:04,19.67,34.42
391,17/12/0014 08:14,18.7,NaN
392,17/12/0014 08:24,18.38,32.68
393,17/12/0014 08:35,NaN,31.74
394,17/12/0014 08:45,18.06,33
395,17/12/0014 08:55,17.41,34.1
396,17/12/0014 09:05,17.09,34.42
397,17/12/0014 09:16,16.77,34.42
398,17/12/0014 09:26,16.45,35.36
399,17/12/0014 09:36,15.8,36.31
400,17/12/0014 09:46,15.48,36.62
401,17/12/0014 09:57,15.16,37.41
402,17/12/0014 10:07,14.83,37.88
403,17/12/0014 10:17,14.83,39.15
404,17/12/0014 10:28,14.51,38.52
405,17/12/0014 10:38,14.19,NaN
406,17/12/0014 10:48,14.19,39.78
407,17/12/0014 10:58,14.19,40.72
408,17/12/0014 11:09,13.87,41.51
409,17/12/0014 11:19,13.54,42.3
410,17/12/0014 11:29,13.54,42.61
411,17/12/0014 11:39,13.54,42.14
412,17/12/0014 11:50,13.22,42.14
413,17/12/0014 12:00,13.22,42.3
414,17/12/0014 12:10,13.22,41.51
415,17/12/0014 12:20,12.9,41.83
416,17/12/0014 12:31,13.22,39.93
417,17/12/0014 12:41,13.22,39.62
418,17/12/0014 12:51,12.9,40.41
419,17/12/0014 13:02,13.22,39.46
420,17/12/0014 13:12,12.9,40.57
421,17/12/0014 13:22,12.25,42.3
422,17/12/0014 13:32,12.25,42.61
423,17/12/0014 13:43,11.61,44.66
424,17/12/0014 13:53,11.61,NaN
425,17/12/0014 14:03,11.29,44.98
426,17/12/0014 14:13,10.96,45.77
427,17/12/0014 14:24,10.64,46.08
428,17/12/0014 14:34,10.96,46.08
429,17/12/0014 14:44,10.64,46.87
430,17/12/0014 14:54,10.64,47.5
431,17/12/0014 15:05,10.32,48.76
432,17/12/0014 15:15,10.32,48.29
433,17/12/0014 15:25,10.96,47.82
434,17/12/0014 15:36,10.64,47.34
435,17/12/0014 15:46,11.29,46.87
436,17/12/0014 15:56,11.61,45.14
437,17/12/0014 16:06,11.61,45.45
438,17/12/0014 16:17,11.61,44.98
439,17/12/0014 16:27,11.61,45.93
440,17/12/0014 16:37,NaN,46.56
441,17/12/0014 16:47,11.29,47.19
442,17/12/0014 16:58,10.96,NaN
443,17/12/0014 17:08,NaN,48.76
444,17/12/0014 17:18,10.96,49.08
445,17/12/0014 17:28,10.64,49.71
446,17/12/0014 17:39,10.96,49.39
447,17/12/0014 17:49,10.96,48.76
448,17/12/0014 17:59,10.96,48.76
449,17/12/0014 18:10,10.64,48.76
450,17/12/0014 18:20,10.64,49.71
451,17/12/0014 18:30,10.32,50.66
452,17/12/0014 18:40,10.32,50.97
453,17/12/0014 18:51,10,50.81
454,17/12/0014 19:01,10.32,NaN
455,17/12/0014 19:11,10,51.13
456,17/12/0014 19:21,10.32,50.66
457,17/12/0014 19:32,10,51.13
458,17/12/0014 19:42,10.64,49.87
459,17/12/0014 19:52,10.96,49.08
460,17/12/0014 20:03,11.61,48.45
461,17/12/0014 20:13,11.93,47.19
462,17/12/0014 20:23,11.93,NaN
463,17/12/0014 20:33,12.58,45.61
464,17/12/0014 20:44,12.9,44.98
465,17/12/0014 20:54,13.54,44.98
466,17/12/0014 21:04,14.51,41.04
467,17/12/0014 21:14,14.51,39.3
468,17/12/0014 21:25,15.48,37.73
469,17/12/0014 21:35,15.8,37.73
470,17/12/0014 21:45,16.77,35.36
471,17/12/0014 21:55,17.41,33.63
472,17/12/0014 22:06,18.06,35.52
473,17/12/0014 22:16,21.29,32.37
474,17/12/0014 22:26,20.32,29.37
475,17/12/0014 22:36,23.54,NaN
476,17/12/0014 22:47,26.45,25.74
477,17/12/0014 22:57,25.48,24.48
478,17/12/0014 23:07,26.77,23.38
479,17/12/0014 23:18,25.48,23.38
480,17/12/0014 23:28,26.77,21.96
481,17/12/0014 23:38,26.45,23.54
482,17/12/0014 23:48,25.16,23.38
483,17/12/0014 23:59,26.12,25.11
484,18/12/0014 00:09,24.83,25.9
485,18/12/0014 00:19,23.54,25.9
486,18/12/0014 00:29,23.54,26.38
487,18/12/0014 00:40,24.51,25.43
488,18/12/0014 00:50,24.51,24.96
489,18/12/0014 01:00,25.8,25.11
490,18/12/0014 01:10,23.22,24.48
491,18/12/0014 01:21,22.58,25.74
492,18/12/0014 01:31,22.9,25.9
493,18/12/0014 01:41,22.25,24.96
494,18/12/0014 01:52,NaN,25.43
495,18/12/0014 02:02,23.87,24.17
496,18/12/0014 02:12,24.51,22.59
497,18/12/0014 02:22,24.19,26.06
498,18/12/0014 02:33,23.87,23.22
499,18/12/0014 02:43,24.19,23.54
500,18/12/0014 02:53,24.83,21.96
501,18/12/0014 03:03,26.12,23.85
502,18/12/0014 03:14,23.87,21.8
503,18/12/0014 03:24,23.22,21.65
504,18/12/0014 03:34,25.48,20.54
505,18/12/0014 03:44,22.9,23.54
506,18/12/0014 03:55,22.25,26.85
507,18/12/0014 04:05,20.96,31.58
508,18/12/0014 04:15,21.29,30.32
509,18/12/0014 04:26,19.03,38.2
510,18/12/0014 04:36,15.48,52.23
511,18/12/0014 04:46,15.8,NaN
512,18/12/0014 04:56,15.8,49.87
513,18/12/0014 05:07,15.48,48.92
514,18/12/0014 05:17,14.83,50.97
515,18/12/0014 05:27,13.87,53.97
516,18/12/0014 05:37,13.22,56.17
517,18/12/0014 05:48,13.54,NaN
518,18/12/0014 05:58,13.87,57.44
519,18/12/0014 06:08,13.87,55.23
520,18/12/0014 06:18,13.54,56.17
521,18/12/0014 06:29,14.51,54.12
522,18/12/0014 06:39,15.8,48.13
523,18/12/0014 06:49,15.8,47.66
524,18/12/0014 07:00,16.77,47.34
525,18/12/0014 07:10,16.77,44.66
526,18/12/0014 07:20,NaN,48.29
527,18/12/0014 07:30,15.8,48.76
528,18/12/0014 07:41,15.48,49.39
529,18/12/0014 07:51,15.16,NaN
530,18/12/0014 08:01,14.83,54.12
531,18/12/0014 08:11,14.83,55.39
532,18/12/0014 08:22,15.16,52.71
533,18/12/0014 08:32,14.51,53.02
534,18/12/0014 08:42,14.83,49.55
535,18/12/0014 08:52,15.16,48.92
536,18/12/0014 09:03,14.51,NaN
537,18/12/0014 09:13,14.19,51.76
538,18/12/0014 09:23,14.19,50.5
539,18/12/0014 09:34,14.19,50.5
540,18/12/0014 09:44,14.19,51.76
541,18/12/0014 09:54,14.19,53.81
542,18/12/0014 10:04,14.19,55.39
543,18/12/0014 10:15,14.19,54.12
544,18/12/0014 10:25,14.51,51.44
545,18/12/0014 10:35,14.51,50.5
546,18/12/0014 10:45,14.19,53.34
547,18/12/0014 10:56,14.51,51.13
548,18/12/0014 11:06,14.83,49.24
549,18/12/0014 11:16,14.83,49.24
550,18/12/0014 11:26,14.51,49.08
551,18/12/0014 11:37,14.51,48.45
552,18/12/0014 11:47,14.19,41.04
553,18/12/0014 11:57,13.87,42.3
554,18/12/0014 12:08,13.54,42.61
555,18/12/0014 12:18,13.54,41.04
556,18/12/0014 12:28,13.54,40.41
557,18/12/0014 12:38,12.9,41.35
558,18/12/0014 12:49,12.9,42.3
559,18/12/0014 12:59,12.9,41.83
560,18/12/0014 13:09,12.58,42.46
561,18/12/0014 13:19,12.58,43.4
562,18/12/0014 13:30,12.58,44.19
563,18/12/0014 13:40,12.25,45.3
564,18/12/0014 13:50,12.25,45.77
565,18/12/0014 14:00,11.93,46.56
566,18/12/0014 14:11,12.25,NaN
567,18/12/0014 14:21,12.25,46.08
568,18/12/0014 14:31,12.25,46.71
569,18/12/0014 14:42,12.25,46.87
570,18/12/0014 14:52,11.93,47.5
571,18/12/0014 15:02,11.93,47.5
572,18/12/0014 15:12,11.61,49.08
573,18/12/0014 15:23,11.93,48.29
574,18/12/0014 15:33,11.61,48.61
575,18/12/0014 15:43,11.93,47.82
576,18/12/0014 15:53,11.61,48.92
577,18/12/0014 16:04,11.29,50.02
578,18/12/0014 16:14,11.29,50.02
579,18/12/0014 16:24,10.96,50.02
580,18/12/0014 16:34,10.96,50.66
581,18/12/0014 16:45,10.96,50.02
582,18/12/0014 16:55,10.96,49.55
583,18/12/0014 17:05,11.29,49.71
584,18/12/0014 17:16,10.96,49.24
585,18/12/0014 17:26,10.64,50.34
586,18/12/0014 17:36,10.64,50.66
587,18/12/0014 17:46,10.64,51.29
588,18/12/0014 17:57,10,53.34
589,18/12/0014 18:07,10,53.02
590,18/12/0014 18:17,10.32,52.39
591,18/12/0014 18:27,9.67,53.97
592,20/12/0014 02:58,23.54,34.1
593,20/12/0014 03:08,22.9,35.36
594,20/12/0014 03:19,22.25,34.26
595,20/12/0014 03:29,23.22,31.89
596,20/12/0014 03:39,22.25,33
597,20/12/0014 03:49,23.22,33.79
598,20/12/0014 04:00,22.58,31.89
599,20/12/0014 04:10,23.87,NaN
600,20/12/0014 04:20,25.16,32.21
601,20/12/0014 04:30,25.48,31.58
602,20/12/0014 04:41,26.45,32.05
603,20/12/0014 04:51,25.16,30.47
604,20/12/0014 05:01,25.48,33.15
605,20/12/0014 05:12,26.12,33
606,20/12/0014 05:22,24.19,34.1
607,20/12/0014 05:32,25.16,34.89
608,20/12/0014 05:42,25.16,34.1
609,20/12/0014 05:53,25.16,35.05
610,20/12/0014 06:03,24.51,35.68
611,20/12/0014 06:13,NaN,37.57
612,20/12/0014 06:23,21.93,39.15
613,20/12/0014 06:34,21.61,40.09
614,20/12/0014 06:44,22.25,38.2
615,20/12/0014 06:54,21.29,41.04
616,20/12/0014 07:04,20.96,40.88
617,20/12/0014 07:15,21.93,NaN
618,20/12/0014 07:25,20.96,40.88
619,20/12/0014 07:35,20,44.82
620,20/12/0014 07:46,19.67,44.82
621,20/12/0014 07:56,19.03,46.56
622,20/12/0014 08:06,19.03,46.87
623,20/12/0014 08:16,18.38,48.61
624,20/12/0014 08:27,18.38,48.76
625,20/12/0014 08:37,18.06,48.92
626,20/12/0014 08:47,17.41,49.71
627,20/12/0014 08:57,17.41,50.34
628,20/12/0014 09:08,17.09,51.13
629,20/12/0014 09:18,16.77,50.97
630,20/12/0014 09:28,16.77,52.39
631,20/12/0014 09:38,16.45,53.18
632,20/12/0014 09:49,16.45,53.02
633,20/12/0014 09:59,16.45,51.44
634,20/12/0014 10:09,16.45,50.18
635,20/12/0014 10:20,16.45,50.02
636,20/12/0014 10:30,16.12,50.18
637,20/12/0014 10:40,16.12,50.34
638,20/12/0014 10:50,15.48,51.29
639,20/12/0014 11:01,15.48,51.29
640,20/12/0014 11:11,15.48,50.02
641,20/12/0014 11:21,15.16,51.92
642,20/12/0014 11:31,NaN,54.6
643,20/12/0014 11:42,14.51,54.28
644,20/12/0014 11:52,14.83,53.18
645,20/12/0014 12:02,14.51,54.28
646,20/12/0014 12:12,14.19,55.7
647,20/12/0014 12:23,14.19,56.65
648,20/12/0014 12:33,13.87,57.59
649,20/12/0014 12:43,13.54,63.74
650,20/12/0014 12:54,12.9,65.79
651,20/12/0014 13:04,NaN,65.79
652,20/12/0014 13:14,12.58,66.9
653,20/12/0014 13:24,12.58,66.74
654,20/12/0014 13:35,12.58,67.68
655,20/12/0014 13:45,12.58,67.21
656,20/12/0014 13:55,12.58,68
657,20/12/0014 14:05,12.25,67.84
658,20/12/0014 14:16,12.25,66.9
659,20/12/0014 14:26,11.93,NaN
660,20/12/0014 14:36,12.25,68
661,20/12/0014 14:46,11.93,67.84
662,20/12/0014 14:57,11.93,67.68
663,20/12/0014 15:07,11.61,68
664,20/12/0014 15:17,11.61,68
665,20/12/0014 15:28,11.61,68
666,20/12/0014 15:38,11.61,67.37
667,20/12/0014 15:48,11.61,67.53
668,20/12/0014 15:58,11.61,68
669,20/12/0014 16:09,11.61,68.16
670,20/12/0014 16:19,11.61,68.16
671,20/12/0014 16:29,11.61,68.16
672,20/12/0014 16:39,11.61,68.16
673,20/12/0014 16:50,11.61,68.16
674,20/12/0014 17:00,11.61,68.16
675,20/12/0014 17:10,11.61,68.47
676,20/12/0014 17:20,11.61,68.31
677,20/12/0014 17:31,11.61,68.16
678,20/12/0014 17:41,11.93,68.31
679,20/12/0014 17:51,11.93,68.31
680,20/12/0014 18:02,11.93,68.31
681,20/12/0014 18:12,11.29,67.68
682,20/12/0014 18:22,11.61,68
683,20/12/0014 18:32,11.29,67.37
684,20/12/0014 18:43,11.29,66.58
685,20/12/0014 18:53,10.96,67.21
686,20/12/0014 19:03,10.96,67.37
687,20/12/0014 19:13,10.96,66.58
688,20/12/0014 19:24,11.29,67.84
689,20/12/0014 19:34,11.61,66.9
690,20/12/0014 19:44,11.61,66.42
691,20/12/0014 19:54,NaN,66.11
692,20/12/0014 20:05,11.93,66.42
693,20/12/0014 20:15,12.25,65.32
694,20/12/0014 20:25,NaN,64.21
695,20/12/0014 20:37,NaN,63.74
696,20/12/0014 20:46,13.54,65.48
697,20/12/0014 20:56,13.87,65.63
698,20/12/0014 21:06,14.19,61.69
699,20/12/0014 21:17,14.51,59.17
700,20/12/0014 21:27,15.16,59.8
701,20/12/0014 21:37,15.8,59.33
702,20/12/0014 21:47,16.12,57.12
703,20/12/0014 21:58,17.09,56.33
704,20/12/0014 22:08,17.41,52.86
705,20/12/0014 22:18,21.93,49.87
706,20/12/0014 22:28,20,47.5
707,20/12/0014 22:39,24.19,43.09
708,20/12/0014 22:49,25.16,40.88
709,20/12/0014 22:59,26.12,38.99
710,20/12/0014 23:10,27.74,35.2
711,20/12/0014 23:20,29.03,35.2
712,20/12/0014 23:30,29.35,33
713,20/12/0014 23:40,29.35,34.1
714,20/12/0014 23:51,29.03,32.52
715,21/12/0014 00:01,29.67,30.16
716,21/12/0014 00:11,NaN,30.63
717,21/12/0014 00:21,31.93,28.42
718,21/12/0014 00:32,30.96,33.63
719,21/12/0014 00:42,30.96,35.05
720,21/12/0014 00:52,31.29,38.2
721,21/12/0014 01:02,31.29,37.25
722,21/12/0014 01:13,30.96,32.84
723,21/12/0014 01:23,31.29,34.42
724,21/12/0014 01:33,30.32,31.26
725,21/12/0014 01:44,30.64,29.06
726,21/12/0014 01:54,30.32,28.9
727,21/12/0014 02:04,30.32,NaN
728,21/12/0014 02:14,30,32.52
729,21/12/0014 02:25,30.32,34.1
730,21/12/0014 02:35,31.61,27.01
731,21/12/0014 02:45,31.93,26.53
732,21/12/0014 02:55,32.25,NaN
733,21/12/0014 03:06,32.58,24.96
734,21/12/0014 03:16,32.9,24.64
735,21/12/0014 03:26,33.22,25.11
736,21/12/0014 03:36,33.87,-7.04
737,21/12/0014 03:47,34.19,-24.22
738,21/12/0014 03:57,33.54,-24.7
739,21/12/0014 04:07,35.8,-24.7
740,21/12/0014 04:18,NaN,-24.7
741,21/12/0014 04:28,34.51,-24.54
742,21/12/0014 04:38,36.77,-24.7
743,21/12/0014 04:48,36.45,-24.7
744,21/12/0014 04:59,36.45,-24.7
745,21/12/0014 05:09,34.19,1.781
746,21/12/0014 05:19,34.83,6.198
747,21/12/0014 05:29,35.16,12.34
748,21/12/0014 05:40,34.83,-13.98
749,21/12/0014 05:50,36.77,-19.97
750,21/12/0014 06:00,32.9,-3.737
751,21/12/0014 06:10,30,25.117
752,21/12/0014 06:21,30,28.277
753,21/12/0014 06:31,28.06,34.107
754,21/12/0014 06:41,26.45,NaN
755,21/12/0014 06:52,26.77,38.367
756,21/12/0014 07:02,27.09,39.307
757,21/12/0014 07:12,27.41,39.787
758,21/12/0014 07:22,28.06,38.677
759,21/12/0014 07:33,30.64,32.527
760,21/12/0014 07:43,30.64,NaN
761,21/12/0014 07:53,28.7,29.537
762,21/12/0014 08:03,26.77,38.677
763,21/12/0014 08:14,26.77,39.627
764,21/12/0014 08:24,26.45,38.997
765,21/12/0014 08:34,26.45,37.737
766,21/12/0014 08:44,25.8,34.107
767,21/12/0014 08:55,NaN,33.637
768,21/12/0014 09:05,25.48,33.007
769,21/12/0014 09:15,25.16,32.217
770,21/12/0014 09:26,24.83,31.117
771,21/12/0014 09:36,24.83,31.747
772,21/12/0014 09:46,24.51,33.157
773,21/12/0014 09:56,24.19,34.107
774,21/12/0014 10:07,23.54,38.837
775,21/12/0014 10:17,21.93,47.827
776,21/12/0014 10:27,20.96,50.507
777,21/12/0014 10:37,20.64,51.447
778,21/12/0014 10:48,20.64,50.977
779,21/12/0014 10:58,20.64,50.977
780,21/12/0014 11:08,20.64,47.037
781,21/12/0014 11:18,20.64,44.037
782,21/12/0014 11:29,20.32,48.767
783,21/12/0014 11:39,NaN,56.657
784,21/12/0014 11:49,18.38,59.017
785,21/12/0014 12:00,18.38,59.177
786,21/12/0014 12:10,18.06,59.807
787,21/12/0014 12:20,18.06,59.337
788,21/12/0014 12:30,18.06,59.967
789,21/12/0014 12:41,17.74,60.597
790,21/12/0014 12:51,17.74,60.757
791,21/12/0014 13:01,NaN,60.277
792,21/12/0014 13:11,17.74,60.907
793,21/12/0014 13:22,17.41,60.127
794,21/12/0014 13:32,17.41,60.127
795,21/12/0014 13:42,17.41,61.857
796,21/12/0014 13:52,17.09,62.487
797,21/12/0014 14:03,17.09,62.487
798,21/12/0014 14:13,16.77,63.277
799,21/12/0014 14:23,16.77,63.277
800,21/12/0014 14:34,16.77,62.957
801,21/12/0014 14:44,16.77,63.117
802,21/12/0014 14:54,16.77,62.807
803,21/12/0014 15:04,16.77,63.117
804,21/12/0014 15:15,16.45,62.647
805,21/12/0014 15:25,16.45,61.537
806,21/12/0014 15:35,16.45,61.067
807,21/12/0014 15:45,16.45,60.277
808,21/12/0014 15:56,16.45,60.277
809,21/12/0014 16:06,16.45,60.127
810,21/12/0014 16:16,16.45,59.967
811,21/12/0014 16:26,16.45,59.487
812,21/12/0014 16:37,16.45,59.807
813,21/12/0014 16:47,16.12,60.127
814,21/12/0014 16:57,16.12,61.067
815,21/12/0014 17:08,16.12,60.597
816,21/12/0014 17:18,15.8,61.697
817,21/12/0014 17:28,15.8,61.537
818,21/12/0014 17:38,15.8,NaN
819,21/12/0014 17:49,15.8,62.487
820,21/12/0014 17:59,15.8,62.957
821,21/12/0014 18:09,15.48,63.437
822,21/12/0014 18:19,15.8,NaN
823,21/12/0014 18:30,16.12,62.177
824,21/12/0014 18:40,16.12,60.127
825,21/12/0014 18:50,16.12,59.647
826,21/12/0014 19:00,15.8,60.757
827,21/12/0014 19:11,16.12,60.757
828,21/12/0014 19:21,16.12,60.437
829,21/12/0014 19:31,16.45,60.437
830,21/12/0014 19:42,16.45,59.647
831,21/12/0014 19:52,16.45,60.127
832,21/12/0014 20:02,16.77,60.127
833,21/12/0014 20:12,16.77,59.647
834,21/12/0014 20:23,17.09,59.647
835,21/12/0014 20:33,17.41,NaN
836,21/12/0014 20:43,17.74,58.077
837,21/12/0014 20:53,18.06,57.597
838,21/12/0014 21:04,18.38,55.707
839,21/12/0014 21:14,19.35,54.607
840,21/12/0014 21:24,20,NaN
841,21/12/0014 21:34,19.67,52.717
842,21/12/0014 21:45,NaN,53.347
843,21/12/0014 21:55,19.67,53.187
844,21/12/0014 22:05,20,51.767
845,21/12/0014 22:16,21.29,51.137
846,21/12/0014 22:26,22.25,48.297
847,21/12/0014 22:36,24.51,46.247
848,21/12/0014 22:46,NaN,47.827
849,21/12/0014 22:57,24.19,48.457
850,21/12/0014 23:07,24.83,NaN
851,21/12/0014 23:17,24.83,46.717
852,21/12/0014 23:27,26.12,44.357
853,21/12/0014 23:38,23.54,48.297
854,21/12/0014 23:48,23.22,49.717
855,21/12/0014 23:58,25.8,46.717
856,22/12/0014 00:08,24.83,46.567
857,22/12/0014 00:19,25.48,46.567
858,22/12/0014 00:29,25.8,47.347
859,22/12/0014 00:39,24.19,47.827
860,22/12/0014 00:50,24.83,46.087
861,22/12/0014 01:00,25.16,NaN
862,22/12/0014 01:10,25.48,46.877
863,22/12/0014 01:20,25.16,47.987
864,22/12/0014 01:31,24.83,50.027
865,22/12/0014 01:41,23.87,48.927
866,22/12/0014 01:51,24.19,48.617
867,22/12/0014 02:01,23.87,47.987
868,22/12/0014 02:12,23.87,49.397
869,22/12/0014 02:22,23.54,49.087
870,22/12/0014 02:32,23.54,48.297
871,22/12/0014 02:42,22.9,50.347
872,22/12/0014 02:53,22.58,51.767
873,22/12/0014 03:03,24.51,50.027
874,22/12/0014 03:13,24.19,50.817
875,22/12/0014 03:24,24.19,48.927
876,22/12/0014 03:34,24.51,48.297
877,22/12/0014 03:44,24.51,49.087
878,22/12/0014 03:54,23.54,51.297
879,22/12/0014 04:05,23.22,52.237
880,22/12/0014 04:15,23.54,50.817
881,22/12/0014 04:25,24.19,50.187
882,22/12/0014 04:35,25.16,48.767
883,22/12/0014 04:46,24.83,47.987
884,22/12/0014 04:56,24.19,50.027
885,22/12/0014 05:06,24.51,48.457
886,22/12/0014 05:16,24.19,50.817
887,22/12/0014 05:27,22.9,52.717
888,22/12/0014 05:37,22.58,52.557
889,22/12/0014 05:47,22.9,52.557
890,22/12/0014 05:58,22.58,52.557
891,22/12/0014 06:08,22.58,51.767
892,22/12/0014 06:18,22.25,51.447
893,22/12/0014 06:28,21.93,53.657
894,22/12/0014 06:39,22.25,52.867
895,22/12/0014 06:49,21.93,52.867
896,22/12/0014 06:59,21.61,54.127
897,22/12/0014 07:09,21.61,53.657
898,22/12/0014 07:20,21.61,53.187
899,22/12/0014 07:30,21.93,53.347
900,22/12/0014 07:40,21.61,53.027
901,22/12/0014 07:50,21.61,54.287
902,22/12/0014 08:01,21.29,54.447
903,22/12/0014 08:11,20.96,55.077
904,22/12/0014 08:21,20.96,55.077
905,22/12/0014 08:32,20.96,54.607
906,22/12/0014 08:42,20.96,54.607
907,22/12/0014 08:52,21.29,54.757
908,22/12/0014 09:02,21.29,54.287
909,22/12/0014 09:13,21.29,53.977
910,22/12/0014 09:23,20.96,54.607
911,22/12/0014 09:33,20.96,54.607
912,22/12/0014 09:43,20.96,54.917
913,22/12/0014 09:54,20.32,56.657
914,22/12/0014 10:04,20.32,56.657
915,22/12/0014 10:14,20.64,57.127
916,22/12/0014 10:24,20.32,58.387
917,22/12/0014 10:35,20,59.017
918,22/12/0014 10:45,21.29,54.917
919,22/12/0014 10:55,21.29,NaN
920,22/12/0014 11:06,21.61,54.287
921,22/12/0014 11:16,20.96,56.657
922,22/12/0014 11:26,20.64,57.757
923,22/12/0014 11:36,20.32,59.017
924,22/12/0014 11:47,20.64,58.547
925,22/12/0014 11:57,20.96,57.287
926,22/12/0014 12:07,20.96,58.547
927,22/12/0014 12:17,20.96,58.077
928,22/12/0014 12:28,21.29,56.657
929,22/12/0014 12:38,20.96,56.967
930,22/12/0014 12:48,20,60.757
931,22/12/0014 12:58,20,69.267
932,22/12/0014 13:09,20.64,64.067
933,22/12/0014 13:19,20.64,67.057
934,22/12/0014 13:29,20.64,65.487
935,22/12/0014 13:40,20.32,63.587
936,22/12/0014 13:50,19.67,66.587
937,22/12/0014 14:00,19.35,68.477
938,22/12/0014 14:10,19.35,69.107
939,22/12/0014 14:21,19.67,68.477
940,22/12/0014 14:31,19.67,69.267
941,22/12/0014 14:41,19.67,66.907
942,22/12/0014 14:51,19.67,66.587
943,22/12/0014 15:02,19.35,68.477
944,22/12/0014 15:12,20,66.427
945,22/12/0014 15:22,20,64.217
946,22/12/0014 15:32,19.67,66.267
947,22/12/0014 15:43,19.35,67.377
948,22/12/0014 15:53,19.03,68.167
949,22/12/0014 16:03,18.7,68.637
950,22/12/0014 16:14,19.03,67.377
951,22/12/0014 16:24,18.7,68.947
952,22/12/0014 16:34,NaN,69.267
953,22/12/0014 16:44,18.7,69.427
954,22/12/0014 16:55,18.7,69.267
955,22/12/0014 17:05,18.7,69.587
956,22/12/0014 17:15,18.7,69.427
957,22/12/0014 17:25,19.03,68.477
958,22/12/0014 17:36,19.03,68.477
959,22/12/0014 17:46,19.03,68.637
960,22/12/0014 17:56,18.7,69.737
961,22/12/0014 18:06,18.7,69.737
962,22/12/0014 18:17,18.7,70.057
963,22/12/0014 18:27,19.03,69.107
964,22/12/0014 18:37,19.35,66.587
965,22/12/0014 18:48,19.67,65.007
966,22/12/0014 18:58,19.35,65.487
967,22/12/0014 19:08,19.35,66.747
968,22/12/0014 19:18,18.7,69.107
969,22/12/0014 19:29,19.35,65.327
970,22/12/0014 19:39,19.35,65.487
971,22/12/0014 19:49,20,62.957
972,22/12/0014 19:59,20,60.277
973,22/12/0014 20:10,20.32,59.487
974,22/12/0014 20:20,20.64,57.917
975,22/12/0014 20:30,20.96,56.967
976,22/12/0014 20:40,20.64,57.447
977,22/12/0014 20:51,20.64,56.177
978,22/12/0014 21:01,20.96,56.177
979,22/12/0014 21:11,20.96,55.397
980,22/12/0014 21:22,21.29,54.757
981,22/12/0014 21:32,21.61,50.977
982,22/12/0014 21:42,21.93,50.977
983,22/12/0014 21:52,21.61,49.397
984,22/12/0014 22:03,23.54,48.297
985,22/12/0014 22:13,24.19,45.617
986,22/12/0014 22:23,23.54,44.197
987,22/12/0014 22:33,24.83,43.567
988,22/12/0014 22:44,24.19,43.887
989,22/12/0014 22:54,23.87,44.037
990,22/12/0014 23:04,25.48,43.257
991,22/12/0014 23:14,26.77,40.097
992,22/12/0014 23:25,29.35,37.737
993,22/12/0014 23:35,26.45,39.157
994,22/12/0014 23:45,26.12,38.997
995,22/12/0014 23:56,24.83,45.937
996,23/12/0014 00:06,23.22,NaN
997,23/12/0014 00:16,23.87,47.667
998,23/12/0014 00:26,23.54,47.347
999,23/12/0014 00:37,23.22,47.827
1000,23/12/0014 00:47,24.19,46.877
1001,23/12/0014 00:57,24.51,45.777
1002,23/12/0014 01:07,23.54,46.567
1003,23/12/0014 01:18,23.87,NaN
1004,23/12/0014 01:28,25.16,45.777
1005,23/12/0014 01:38,23.22,47.507
1006,23/12/0014 01:48,NaN,45.307
1007,23/12/0014 01:59,25.16,45.147
1008,23/12/0014 02:09,24.51,45.147
1009,23/12/0014 02:19,25.16,43.727
1010,23/12/0014 02:30,24.51,42.937
1011,23/12/0014 02:40,25.48,NaN
1012,23/12/0014 02:50,24.19,43.257
1013,23/12/0014 03:00,NaN,47.197
1014,23/12/0014 03:11,22.9,51.137
1015,23/12/0014 03:21,NaN,49.247
1016,23/12/0014 03:31,22.9,49.397
1017,23/12/0014 03:41,22.25,51.137
1018,23/12/0014 03:52,22.58,52.867
1019,23/12/0014 04:02,21.61,55.397
1020,23/12/0014 04:12,20.32,61.067
1021,23/12/0014 04:22,21.93,56.807
1022,23/12/0014 04:33,22.25,53.977
1023,23/12/0014 04:43,25.16,49.087
1024,23/12/0014 04:53,23.87,52.077
1025,23/12/0014 05:04,22.58,53.027
1026,23/12/0014 05:14,22.9,52.397
1027,23/12/0014 05:24,21.61,52.237
1028,23/12/0014 05:34,21.29,55.077
1029,23/12/0014 05:45,20,57.127
1030,23/12/0014 05:55,19.67,57.127
1031,23/12/0014 06:05,18.7,56.807
1032,23/12/0014 06:15,18.38,56.807
1033,23/12/0014 06:26,18.38,56.807
1034,23/12/0014 06:36,17.74,57.597
1035,23/12/0014 06:46,17.41,57.127
1036,23/12/0014 06:56,17.74,55.707
1037,23/12/0014 07:07,17.74,55.867
1038,23/12/0014 07:17,17.74,55.547
1039,23/12/0014 07:27,17.74,54.287
1040,23/12/0014 07:38,17.09,55.077
1041,23/12/0014 07:48,17.09,55.867
1042,23/12/0014 07:58,17.09,56.497
1043,23/12/0014 08:08,17.09,55.397
1044,23/12/0014 08:19,16.77,54.917
1045,23/12/0014 08:29,16.77,55.397
1046,23/12/0014 08:39,16.77,54.127
1047,23/12/0014 08:49,16.77,55.397
1048,23/12/0014 09:00,16.45,56.497
1049,23/12/0014 09:10,16.45,55.707
1050,23/12/0014 09:20,16.45,NaN
1051,23/12/0014 09:30,16.45,53.817
1052,23/12/0014 09:41,16.12,52.867
1053,23/12/0014 09:51,16.12,52.397
1054,23/12/0014 10:01,NaN,52.077
1055,23/12/0014 10:12,16.12,52.397
1056,23/12/0014 10:22,15.8,52.717
1057,23/12/0014 10:32,15.8,53.187
1058,23/12/0014 10:42,15.8,52.397
1059,23/12/0014 10:53,15.8,52.077
1060,23/12/0014 11:03,15.8,51.447
1061,23/12/0014 11:13,15.8,51.297
1062,23/12/0014 11:23,15.8,51.297
1063,23/12/0014 11:34,15.8,50.347
1064,23/12/0014 11:44,15.48,50.347
1065,23/12/0014 11:54,15.48,50.977
1066,23/12/0014 12:04,15.48,49.557
1067,23/12/0014 12:15,15.48,48.457
1068,23/12/0014 12:25,15.16,48.297
1069,23/12/0014 12:35,NaN,48.137
1070,23/12/0014 12:46,15.48,48.297
1071,23/12/0014 12:56,15.16,49.397
1072,23/12/0014 13:06,15.16,45.457
1073,23/12/0014 13:16,15.16,44.197
1074,23/12/0014 13:27,15.16,44.667
1075,23/12/0014 13:37,15.16,44.667
1076,23/12/0014 13:47,15.16,NaN
1077,23/12/0014 13:57,15.16,46.247
1078,23/12/0014 14:08,15.16,46.247
1079,23/12/0014 14:18,14.83,46.247
1080,23/12/0014 14:28,14.51,46.877
1081,23/12/0014 14:39,14.19,46.717
1082,23/12/0014 14:49,14.19,47.347
1083,23/12/0014 14:59,14.19,47.347
1084,23/12/0014 15:09,14.19,47.827
1085,23/12/0014 15:20,NaN,47.507
1086,23/12/0014 15:30,14.51,NaN
1087,23/12/0014 15:40,14.19,48.617
1088,23/12/0014 15:50,NaN,48.137
1089,23/12/0014 16:01,14.19,48.927
1090,23/12/0014 16:11,13.87,49.717
1091,23/12/0014 16:21,13.87,49.397
1092,23/12/0014 16:31,13.87,49.717
1093,23/12/0014 16:42,13.54,50.187
1094,23/12/0014 16:52,13.22,51.767
1095,23/12/0014 17:02,13.54,NaN
1096,23/12/0014 17:12,13.87,50.507
1097,23/12/0014 17:23,13.54,NaN
1098,23/12/0014 17:33,13.22,56.337
1099,23/12/0014 17:43,12.9,60.127
1100,23/12/0014 17:54,12.58,61.227
1101,23/12/0014 18:04,12.58,62.177
1102,23/12/0014 18:14,12.58,61.537
1103,23/12/0014 18:24,12.58,62.647
1104,23/12/0014 18:35,12.9,61.857
1105,23/12/0014 18:45,12.58,61.387
1106,23/12/0014 18:55,12.58,62.017
1107,23/12/0014 19:05,12.58,61.227
1108,05/01/0015 02:56,22.58,38.99
1109,05/01/0015 03:07,NaN,41.83
1110,05/01/0015 03:17,22.9,39.46
1111,05/01/0015 03:27,23.22,36.47
1112,05/01/0015 03:38,23.22,35.99
1113,05/01/0015 03:48,23.87,34.26
1114,05/01/0015 03:58,23.54,NaN
1115,05/01/0015 04:08,25.16,32.37
1116,05/01/0015 04:19,24.19,34.73
1117,05/01/0015 04:29,24.83,NaN
1118,05/01/0015 04:39,23.22,35.05
1119,05/01/0015 04:49,24.83,35.68
1120,05/01/0015 05:00,24.51,33
1121,05/01/0015 05:10,24.51,32.52
1122,05/01/0015 05:20,25.8,33.47
1123,05/01/0015 05:30,25.8,33.47
1124,05/01/0015 05:41,24.19,34.42
1125,05/01/0015 05:51,25.48,31.58
1126,05/01/0015 06:01,25.16,34.42
1127,05/01/0015 06:12,24.51,38.52
1128,05/01/0015 06:22,22.25,41.83
1129,05/01/0015 06:32,21.93,34.89
1130,05/01/0015 06:42,21.93,34.89
1131,05/01/0015 06:53,21.29,33.15
1132,05/01/0015 07:03,21.93,39.15
1133,05/01/0015 07:13,21.93,32.05
1134,05/01/0015 07:23,21.61,29.69
1135,05/01/0015 07:34,21.93,30.32
1136,05/01/0015 07:44,20.96,NaN
1137,05/01/0015 07:54,20,36.94
1138,05/01/0015 08:04,20,35.36
1139,05/01/0015 08:15,19.67,36.78
1140,05/01/0015 08:25,19.67,36.47
1141,05/01/0015 08:35,19.35,39.62
1142,05/01/0015 08:46,18.38,42.77
1143,05/01/0015 08:56,18.06,41.98
1144,05/01/0015 09:06,17.74,43.56
1145,05/01/0015 09:16,17.41,45.14
1146,05/01/0015 09:27,17.09,42.77
1147,05/01/0015 09:37,17.09,41.04
1148,05/01/0015 09:47,16.77,44.51
1149,05/01/0015 09:57,16.77,44.82
1150,05/01/0015 10:08,16.45,46.24
1151,05/01/0015 10:18,NaN,46.56
1152,05/01/0015 10:28,16.45,47.03
1153,05/01/0015 10:38,16.45,47.5
1154,05/01/0015 10:49,16.12,47.98
1155,05/01/0015 10:59,16.12,50.18
1156,05/01/0015 11:09,16.12,53.02
1157,05/01/0015 11:20,15.8,54.44
1158,05/01/0015 11:30,16.12,55.07
1159,05/01/0015 11:40,16.12,56.33
1160,05/01/0015 11:50,16.12,57.91
1161,05/01/0015 12:01,15.8,NaN
1162,05/01/0015 12:11,15.8,57.75
1163,05/01/0015 12:21,16.12,58.85
1164,05/01/0015 12:31,16.45,60.43
1165,05/01/0015 12:42,16.77,59.8
1166,05/01/0015 12:52,16.77,60.27
1167,05/01/0015 13:02,16.77,61.06
1168,05/01/0015 13:12,17.09,62.32
1169,05/01/0015 13:23,16.77,68.94
1170,05/01/0015 13:33,16.12,74.15
1171,05/01/0015 13:43,16.12,76.2
1172,05/01/0015 13:54,15.8,75.57
1173,05/01/0015 14:04,16.12,76.99
1174,05/01/0015 14:14,16.12,71.94
1175,05/01/0015 14:24,16.12,75.09
1176,05/01/0015 14:35,16.12,72.73
1177,05/01/0015 14:45,15.8,76.83
1178,05/01/0015 14:55,15.48,74.78
1179,05/01/0015 15:05,15.48,73.04
1180,05/01/0015 15:16,15.8,65.16
1181,05/01/0015 15:26,16.12,56.33
1182,05/01/0015 15:36,16.45,56.65
1183,05/01/0015 15:46,16.45,NaN
1184,05/01/0015 15:57,16.77,75.25
1185,05/01/0015 16:07,16.77,75.25
1186,05/01/0015 16:17,16.77,74.94
1187,05/01/0015 16:28,16.77,NaN
1188,05/01/0015 16:38,16.45,63.43
1189,05/01/0015 16:48,16.45,59.96
1190,05/01/0015 16:58,16.45,68.31
1191,05/01/0015 17:09,16.45,64.53
1192,05/01/0015 17:19,16.12,67.68
1193,05/01/0015 17:29,16.12,65.48
1194,05/01/0015 17:39,16.12,65.79
1195,05/01/0015 17:50,16.12,65.16
1196,05/01/0015 18:00,16.45,68.31
1197,05/01/0015 18:10,16.45,68
1198,05/01/0015 18:20,16.12,68.47
1199,05/01/0015 18:31,16.12,68
1200,05/01/0015 18:41,16.12,68.63
1201,05/01/0015 18:51,16.12,71.31
1202,05/01/0015 19:02,16.12,69.26
1203,05/01/0015 19:12,16.12,67.84
1204,05/01/0015 19:22,15.8,66.9
1205,05/01/0015 19:32,16.12,NaN
1206,05/01/0015 19:43,16.45,68.79
1207,05/01/0015 19:53,16.45,68.63
1208,05/01/0015 20:03,16.77,68.94
1209,05/01/0015 20:13,17.41,66.74
1210,05/01/0015 20:24,17.09,NaN
1211,05/01/0015 20:34,17.09,67.21
1212,05/01/0015 20:44,17.41,62.8
1213,05/01/0015 20:54,18.06,62.64
1214,05/01/0015 21:05,18.7,62.95
1215,05/01/0015 21:15,18.7,61.53
1216,05/01/0015 21:25,18.7,58.85
1217,05/01/0015 21:36,19.35,56.96
1218,05/01/0015 21:46,18.7,57.91
1219,05/01/0015 21:56,20.64,54.6
1220,05/01/0015 22:06,20.32,52.55
1221,05/01/0015 22:17,NaN,49.87
1222,05/01/0015 22:27,23.22,45.77
1223,08/01/0015 05:53,24.19,44.82
1224,08/01/0015 06:04,23.87,42.61
1225,08/01/0015 06:14,23.87,48.76
1226,08/01/0015 06:24,23.54,46.4
1227,08/01/0015 06:34,23.22,47.82
1228,08/01/0015 06:45,23.54,46.4
1229,08/01/0015 06:55,23.22,50.81
1230,08/01/0015 07:05,23.22,48.29
1231,08/01/0015 07:15,24.19,48.13
1232,08/01/0015 07:26,23.87,50.34
1233,08/01/0015 07:36,24.19,48.29
1234,08/01/0015 07:46,23.87,42.46
1235,08/01/0015 07:56,23.54,44.98
1236,08/01/0015 08:07,23.54,41.98
1237,08/01/0015 08:17,23.54,41.67
1238,08/01/0015 08:27,23.22,43.72
1239,08/01/0015 08:38,22.9,44.98
1240,08/01/0015 08:48,22.58,46.08
1241,08/01/0015 08:58,22.9,43.4
1242,08/01/0015 09:08,22.25,47.19
1243,08/01/0015 09:19,21.93,47.19
1244,08/01/0015 09:29,21.61,49.24
1245,08/01/0015 09:39,21.29,47.82
1246,08/01/0015 09:49,21.61,46.71
1247,08/01/0015 10:00,21.29,52.07
1248,08/01/0015 10:10,20.96,51.76
1249,08/01/0015 10:20,20.64,56.96
1250,08/01/0015 10:30,20.64,55.07
1251,08/01/0015 10:41,20.64,58.7
1252,08/01/0015 10:51,20.96,54.44
1253,08/01/0015 11:01,20.96,54.12
1254,08/01/0015 11:12,20.96,52.39
1255,08/01/0015 11:22,20.64,57.28
1256,08/01/0015 11:32,20.64,56.02
1257,08/01/0015 11:42,20.32,55.54
1258,08/01/0015 11:53,NaN,58.07
1259,08/01/0015 12:03,20.96,58.85
1260,08/01/0015 12:13,20.96,52.39
1261,08/01/0015 12:23,20.32,59.01
1262,08/01/0015 12:34,20.64,59.33
1263,08/01/0015 12:44,20.96,53.34
1264,08/01/0015 12:54,20,56.96
1265,08/01/0015 13:04,19.67,58.22
1266,08/01/0015 13:15,19.67,55.54
1267,08/01/0015 13:25,19.35,56.49
1268,08/01/0015 13:35,19.35,59.64
1269,08/01/0015 13:46,19.35,59.01
1270,08/01/0015 13:56,19.35,62.01
1271,08/01/0015 14:06,19.03,60.12
1272,08/01/0015 14:16,19.03,62.01
1273,08/01/0015 14:27,19.03,61.53
1274,08/01/0015 14:37,18.7,61.38
1275,08/01/0015 14:47,18.7,60.9
1276,08/01/0015 14:57,18.7,61.22
1277,08/01/0015 15:08,18.38,56.65
1278,08/01/0015 15:18,18.38,56.02
1279,08/01/0015 15:28,18.38,57.28
1280,08/01/0015 15:38,18.38,NaN
1281,08/01/0015 15:49,18.06,59.01
1282,08/01/0015 15:59,18.06,60.9
1283,08/01/0015 16:09,17.74,59.33
1284,08/01/0015 16:20,17.74,55.86
1285,08/01/0015 16:30,17.41,58.54
1286,08/01/0015 16:40,17.41,56.17
1287,08/01/0015 16:50,17.41,57.59
1288,08/01/0015 17:01,17.41,59.48
1289,08/01/0015 17:11,17.41,58.54
1290,08/01/0015 17:21,17.09,58.7
1291,08/01/0015 17:31,NaN,60.43
1292,08/01/0015 17:42,17.09,59.33
1293,08/01/0015 17:52,17.09,60.27
1294,08/01/0015 18:02,17.41,59.01
1295,08/01/0015 18:12,17.09,61.38
1296,08/01/0015 18:23,17.09,60.9
1297,08/01/0015 18:33,16.77,61.22
1298,08/01/0015 18:43,16.77,59.96
1299,08/01/0015 18:54,16.45,60.9
1300,08/01/0015 19:04,16.12,63.58
1301,08/01/0015 19:14,16.12,68
1302,08/01/0015 19:24,15.8,68.79
1303,08/01/0015 19:35,NaN,60.27
1304,08/01/0015 19:45,15.8,62.32
1305,08/01/0015 19:55,15.8,58.85
1306,08/01/0015 20:05,15.8,65.79
1307,08/01/0015 20:16,16.12,68.79
1308,08/01/0015 20:26,15.8,65.63
1309,08/01/0015 20:36,15.8,68.63
1310,08/01/0015 20:46,15.8,70.36
1311,08/01/0015 20:57,15.48,69.26
1312,08/01/0015 21:07,15.8,69.58
1313,08/01/0015 21:17,15.8,67.84
1314,08/01/0015 21:28,15.8,67.37
1315,08/01/0015 21:38,15.48,68.63
1316,08/01/0015 21:48,15.8,62.32
1317,08/01/0015 21:58,14.83,68.94
1318,08/01/0015 22:09,15.48,68.94
1319,08/01/0015 22:19,15.48,68.79
1320,08/01/0015 22:29,15.48,68
1321,08/01/0015 22:39,15.48,68.79
1322,08/01/0015 22:50,15.48,69.42
1323,08/01/0015 23:00,15.16,68.47
1324,08/01/0015 23:10,15.48,68.63
1325,08/01/0015 23:20,15.8,65
1326,08/01/0015 23:31,15.16,65.79
1327,08/01/0015 23:41,NaN,67.05
1328,08/01/0015 23:51,15.8,68.16
1329,09/01/0015 00:02,16.45,66.42
1330,09/01/0015 00:12,17.74,66.26
1331,09/01/0015 00:22,18.06,62.01
1332,09/01/0015 00:33,17.09,61.22
1333,09/01/0015 00:43,17.09,61.69
1334,09/01/0015 00:53,16.77,60.59
1335,09/01/0015 01:03,16.12,61.06
1336,09/01/0015 01:13,16.12,61.06
1337,09/01/0015 01:24,16.12,61.85
1338,09/01/0015 01:34,16.12,60.27
1339,09/01/0015 01:44,16.77,61.53
1340,09/01/0015 01:54,16.45,58.54
1341,09/01/0015 02:05,16.77,55.23
1342,09/01/0015 02:15,16.45,56.17
1343,09/01/0015 02:25,16.45,57.91
1344,09/01/0015 02:36,16.77,55.54
1345,09/01/0015 02:46,16.77,53.34
1346,09/01/0015 02:56,16.45,57.59
1347,09/01/0015 03:06,16.45,59.64
1348,09/01/0015 03:17,16.77,56.8
1349,09/01/0015 03:27,16.45,56.49
1350,09/01/0015 03:37,17.09,57.91
1351,09/01/0015 03:47,17.09,57.75
1352,09/01/0015 03:58,17.09,54.28
1353,09/01/0015 04:08,16.77,54.75
1354,09/01/0015 04:18,17.74,55.23
1355,09/01/0015 04:29,17.09,54.75
1356,09/01/0015 04:39,17.09,55.23
1357,09/01/0015 04:49,17.09,55.86
1358,09/01/0015 04:59,16.45,58.07
1359,09/01/0015 05:10,16.77,57.91
1360,09/01/0015 05:20,NaN,57.91
1361,09/01/0015 05:30,16.12,57.75
1362,09/01/0015 05:40,16.45,57.91
1363,09/01/0015 05:51,16.12,57.91
1364,09/01/0015 06:01,15.8,59.17
1365,09/01/0015 06:11,15.48,62.64
1366,09/01/0015 06:21,15.48,60.75
1367,09/01/0015 06:32,15.8,58.85
