ID,timestamp,temperature,humidity,timediff
1,2014-12-09 00:03:00,25.16,36.47,0
2,2014-12-09 00:13:00,24.83,35.52,10
3,2014-12-09 00:23:00,24.83,35.68,10
4,2014-12-09 00:33:00,24.83,35.84,10
5,2014-12-09 00:44:00,24.83,35.99,11
6,2014-12-09 00:54:00,24.51,36.15,10
7,2014-12-09 01:04:00,24.19,36.15,10
8,2014-12-09 01:14:00,24.19,35.99,10
9,2014-12-09 01:25:00,24.19,36.15,11
10,2014-12-09 01:35:00,,36.62,10
11,2014-12-09 01:45:00,23.87,36.15,10
12,2014-12-09 01:56:00,23.87,36.31,11
13,2014-12-09 02:06:00,23.87,36.31,10
14,2014-12-09 02:16:00,23.87,36.31,10
15,2014-12-09 02:26:00,,36.15,10
16,2014-12-09 02:37:00,23.54,36.94,11
17,2014-12-09 02:47:00,,36.78,10
18,2014-12-09 02:57:00,23.22,36.78,10
19,2014-12-09 03:07:00,22.9,37.57,10
21,2014-12-09 03:28:00,22.58,38.04,10
22,2014-12-09 03:38:00,22.58,38.2,10
23,2014-12-09 03:48:00,22.58,38.04,10
24,2014-12-09 03:59:00,22.9,38.2,11
25,2014-12-09 04:09:00,23.22,37.73,10
26,2014-12-09 04:19:00,23.54,37.57,10
27,2014-12-09 04:30:00,23.54,37.41,11
28,2014-12-09 04:40:00,23.87,37.1,10
29,2014-12-09 04:50:00,23.54,37.1,10
30,2014-12-09 05:00:00,23.54,37.25,10
31,2014-12-09 05:11:00,23.22,37.73,11
32,2014-12-09 05:21:00,23.54,37.41,10
33,2014-12-09 05:31:00,23.54,37.25,10
34,2014-12-09 05:41:00,23.22,38.36,10
35,2014-12-09 05:52:00,22.9,38.2,11
36,2014-12-09 06:02:00,22.58,38.67,10
37,2014-12-09 06:12:00,22.58,39.15,10
38,2014-12-09 06:22:00,22.9,38.83,10
39,2014-12-09 06:33:00,22.9,39.15,11
40,2014-12-09 06:43:00,23.22,38.36,10
41,2014-12-09 06:53:00,23.22,38.52,10
42,2014-12-09 07:04:00,23.22,38.67,11
43,2014-12-09 07:14:00,22.58,39.46,10
44,2014-12-09 07:24:00,22.9,38.99,10
45,2014-12-09 07:34:00,22.9,39.15,10
46,2014-12-09 07:45:00,22.58,38.99,11
47,2014-12-09 07:55:00,22.9,38.99,10
48,2014-12-09 08:05:00,23.22,38.52,10
49,2014-12-09 08:15:00,23.54,37.57,10
50,2014-12-09 08:26:00,23.87,37.25,11
51,2014-12-09 08:36:00,24.19,37.41,10
52,2014-12-09 08:46:00,24.19,37.1,10
53,2014-12-09 08:56:00,24.19,36.94,10
54,2014-12-09 09:07:00,23.87,37.1,11
55,2014-12-09 09:17:00,23.87,37.1,10
57,2014-12-09 09:38:00,23.87,37.1,11
58,2014-12-09 09:48:00,23.87,36.94,10
59,2014-12-09 09:58:00,23.87,36.94,10
60,2014-12-09 10:08:00,23.87,37.25,10
61,2014-12-09 10:19:00,23.87,37.25,11
62,2014-12-09 10:29:00,23.87,37.1,10
63,2014-12-09 10:39:00,23.54,36.78,10
64,2014-12-09 10:49:00,23.54,37.1,10
65,2014-12-09 11:00:00,23.54,37.1,11
66,2014-12-09 11:10:00,23.54,37.25,10
68,2014-12-09 11:30:00,23.54,37.25,10
69,2014-12-09 11:41:00,23.54,37.1,11
70,2014-12-09 11:51:00,23.54,36.94,10
71,2014-12-09 12:01:00,23.22,36.78,10
72,2014-12-09 12:12:00,23.22,37.1,11
73,2014-12-09 12:22:00,23.22,36.78,10
74,2014-12-09 12:32:00,23.22,37.1,10
75,2014-12-09 12:42:00,23.22,37.1,10
76,2014-12-09 12:53:00,23.22,36.78,11
77,2014-12-09 13:03:00,23.22,36.78,10
78,2014-12-09 13:13:00,23.22,36.94,10
79,2014-12-09 13:23:00,23.22,36.78,10
80,2014-12-09 13:34:00,23.22,37.25,11
81,2014-12-09 13:44:00,23.22,37.25,10
82,2014-12-09 13:54:00,23.22,36.94,10
83,2014-12-09 14:04:00,22.9,36.94,10
84,2014-12-09 14:15:00,22.9,37.1,11
85,2014-12-09 14:25:00,22.9,37.25,10
86,2014-12-09 14:35:00,22.9,37.25,10
87,2014-12-09 14:46:00,22.9,36.78,11
88,2014-12-09 14:56:00,22.9,36.94,10
89,2014-12-09 15:06:00,22.9,37.1,10
90,2014-12-09 15:16:00,22.9,37.1,10
91,2014-12-09 15:27:00,22.9,,11
92,2014-12-09 15:37:00,22.9,,10
93,2014-12-09 15:47:00,22.9,37.1,10
94,2014-12-09 15:57:00,22.9,37.1,10
95,2014-12-09 16:08:00,,37.1,11
96,2014-12-09 16:18:00,22.9,37.25,10
98,2014-12-09 16:38:00,22.9,37.25,10
99,2014-12-09 16:49:00,22.9,37.1,11
100,2014-12-09 16:59:00,22.9,37.41,10
101,2014-12-09 17:09:00,22.9,37.1,10
102,2014-12-09 17:20:00,22.9,37.25,11
103,2014-12-09 17:30:00,22.9,37.25,10
104,2014-12-09 17:40:00,22.58,37.1,10
105,2014-12-09 17:50:00,22.9,37.25,10
106,2014-12-09 18:01:00,22.58,37.25,11
107,2014-12-09 18:11:00,22.9,37.1,10
108,2014-12-09 18:21:00,22.58,37.1,10
109,2014-12-09 18:31:00,22.58,36.94,10
110,2014-12-09 18:42:00,22.58,37.41,11
111,2014-12-09 18:52:00,22.58,37.1,10
112,2014-12-09 19:02:00,22.58,36.94,10
113,2014-12-09 19:12:00,22.58,36.94,10
114,2014-12-09 19:23:00,22.58,37.1,11
115,2014-12-09 19:33:00,22.58,37.1,10
116,2014-12-09 19:43:00,22.58,37.41,10
117,2014-12-09 19:54:00,22.58,37.41,11
118,2014-12-09 20:04:00,22.58,37.1,10
120,2014-12-09 20:24:00,22.58,37.25,10
121,2014-12-09 20:35:00,22.58,37.25,11
122,2014-12-09 20:45:00,22.9,37.1,10
123,2014-12-09 20:55:00,22.9,37.25,10
124,2014-12-09 21:05:00,22.9,37.25,10
125,2014-12-09 21:16:00,23.22,,11
126,2014-12-09 21:26:00,23.54,36.78,10
127,2014-12-09 21:36:00,23.54,36.62,10
128,2014-12-09 21:46:00,23.54,36.62,10
129,2014-12-09 21:57:00,,36.62,11
130,2014-12-09 22:07:00,23.87,36.78,10
131,2014-12-09 22:17:00,23.87,,10
132,2014-12-09 22:28:00,23.87,36.47,11
133,2014-12-09 22:38:00,24.19,36.47,10
134,2014-12-09 22:48:00,24.19,36.62,10
135,2014-12-09 22:58:00,24.19,36.47,10
136,2014-12-09 23:09:00,24.19,36.78,11
137,2014-12-09 23:19:00,23.87,37.25,10
138,2014-12-09 23:29:00,23.87,37.25,10
139,2014-12-09 23:39:00,24.19,37.41,10
140,2014-12-09 23:50:00,24.19,37.41,11
141,2014-12-10 01:50:00,24.19,37.88,120
142,2014-12-10 02:01:00,23.87,38.67,11
143,2014-12-10 02:11:00,23.87,38.83,10
144,2014-12-10 02:21:00,23.87,38.67,10
145,2014-12-10 02:31:00,23.87,,10
146,2014-12-10 08:45:00,24.51,42.14,374
147,2014-12-10 08:55:00,24.51,42.14,10
148,2014-12-10 09:05:00,24.51,41.51,10
150,2014-12-10 09:26:00,24.51,41.35,11
151,2014-12-10 09:36:00,24.51,41.51,10
152,2014-12-10 09:46:00,24.51,41.2,10
153,2014-12-10 09:56:00,24.51,41.2,10
154,2014-12-10 10:07:00,24.51,41.67,11
156,2014-12-10 10:27:00,24.51,41.35,10
157,2014-12-10 10:37:00,24.51,41.2,10
158,2014-12-10 10:48:00,24.51,41.2,11
159,2014-12-10 10:58:00,24.19,41.51,10
160,2014-12-10 11:08:00,24.19,41.67,10
161,2014-12-10 11:19:00,24.19,41.2,11
162,2014-12-10 11:29:00,24.19,41.35,10
164,2014-12-10 11:49:00,24.19,42.14,10
165,2014-12-10 12:00:00,23.87,42.14,11
167,2014-12-10 12:20:00,23.87,42.14,10
168,2014-12-10 12:30:00,23.87,42.14,10
169,2014-12-10 12:41:00,23.87,42.3,11
170,2014-12-10 12:51:00,23.54,41.98,10
171,2014-12-10 13:01:00,23.87,41.98,10
172,2014-12-10 13:11:00,23.54,42.3,10
173,2014-12-10 13:22:00,23.54,42.3,11
174,2014-12-10 13:32:00,23.54,41.98,10
175,2014-12-10 13:42:00,23.54,42.14,10
176,2014-12-10 13:53:00,23.54,42.14,11
177,2014-12-10 14:03:00,23.54,,10
178,2014-12-10 14:13:00,23.54,42.14,10
179,2014-12-10 14:23:00,23.54,42.3,10
180,2014-12-10 14:34:00,23.54,42.46,11
181,2014-12-10 14:44:00,23.54,42.14,10
182,2014-12-10 14:54:00,23.54,42.3,10
183,2014-12-10 15:04:00,23.54,42.61,10
184,2014-12-10 15:15:00,23.22,42.61,11
185,2014-12-10 15:25:00,23.54,42.14,10
186,2014-12-10 15:35:00,23.22,42.3,10
187,2014-12-10 15:45:00,23.22,42.3,10
188,2014-12-10 15:56:00,23.54,42.3,11
189,2014-12-10 16:06:00,23.22,42.14,10
190,2014-12-10 16:16:00,23.22,42.46,10
191,2014-12-10 16:27:00,23.22,,11
192,2014-12-10 16:37:00,23.22,42.3,10
193,2014-12-10 16:47:00,23.22,42.46,10
195,2014-12-10 17:08:00,23.22,42.61,11
196,2014-12-10 17:18:00,23.22,42.3,10
197,2014-12-10 17:28:00,23.22,42.77,10
198,2014-12-10 17:38:00,23.22,42.77,10
199,2014-12-10 17:49:00,23.22,42.61,11
201,2014-12-10 18:09:00,23.22,42.46,10
202,2014-12-10 18:19:00,23.22,42.77,10
203,2014-12-10 18:30:00,23.22,42.3,11
204,2014-12-10 18:40:00,22.9,42.46,10
205,2014-12-10 18:50:00,22.9,42.46,10
206,2014-12-10 19:01:00,22.9,42.77,11
207,2014-12-10 19:11:00,22.9,42.61,10
208,2014-12-10 19:21:00,22.9,42.46,10
209,2014-12-10 19:31:00,23.22,42.61,10
210,2014-12-10 19:42:00,22.9,,11
211,2014-12-10 19:52:00,22.9,42.61,10
214,2014-12-10 20:23:00,,42.77,11
216,2014-12-10 20:43:00,22.9,42.61,10
217,2014-12-10 20:53:00,23.22,42.3,10
218,2014-12-10 21:04:00,22.9,42.61,11
219,2014-12-10 21:14:00,23.22,41.83,10
220,2014-12-10 21:24:00,23.54,42.14,10
221,2014-12-10 21:35:00,23.54,41.83,11
222,2014-12-10 21:45:00,23.54,41.67,10
223,2014-12-10 21:55:00,23.54,41.51,10
224,2014-12-10 22:05:00,23.87,41.35,10
225,2014-12-10 22:16:00,23.87,,11
226,2014-12-15 01:49:00,22.9,43.09,5973
227,2014-12-15 02:00:00,23.54,43.72,11
228,2014-12-16 03:19:00,30.96,10.77,1519
229,2014-12-16 03:40:00,31.29,12.03,21
230,2014-12-16 04:41:00,30.32,11.4,61
231,2014-12-16 04:51:00,29.35,,10
232,2014-12-16 05:02:00,29.03,10.77,11
233,2014-12-16 05:12:00,29.03,10.45,10
234,2014-12-16 05:22:00,28.06,15.18,10
235,2014-12-16 05:32:00,28.06,11.4,10
236,2014-12-16 05:43:00,23.54,28.42,11
237,2014-12-16 05:53:00,21.61,37.57,10
238,2014-12-16 06:03:00,22.58,37.25,10
240,2014-12-16 06:24:00,20.32,41.2,10
241,2014-12-16 06:34:00,,41.67,10
242,2014-12-16 06:44:00,20.32,37.73,10
243,2014-12-16 06:55:00,21.29,32.52,11
245,2014-12-16 07:15:00,20.64,35.84,10
246,2014-12-16 07:25:00,,35.36,10
247,2014-12-16 07:36:00,18.06,33.63,11
248,2014-12-16 07:46:00,19.35,34.1,10
249,2014-12-16 07:56:00,17.41,35.84,10
250,2014-12-16 08:06:00,16.77,37.73,10
251,2014-12-16 08:17:00,16.77,37.1,11
252,2014-12-16 08:27:00,16.77,33.15,10
253,2014-12-16 08:37:00,17.09,31.11,10
254,2014-12-16 08:48:00,17.09,31.89,11
255,2014-12-16 08:58:00,17.09,33.31,10
257,2014-12-16 09:18:00,16.77,28.58,10
258,2014-12-16 09:29:00,16.77,26.38,11
259,2014-12-16 09:39:00,16.45,29.37,10
260,2014-12-16 09:49:00,16.12,31.42,10
261,2014-12-16 09:59:00,15.8,32.52,10
262,2014-12-16 10:10:00,15.48,31.42,11
263,2014-12-16 10:20:00,15.16,32.37,10
264,2014-12-16 10:30:00,14.51,33.47,10
265,2014-12-16 10:40:00,14.83,33.15,10
266,2014-12-16 10:51:00,14.51,34.42,11
267,2014-12-16 11:01:00,14.19,33.79,10
268,2014-12-16 11:11:00,13.87,35.52,10
269,2014-12-16 11:22:00,13.87,36.15,11
270,2014-12-16 11:32:00,13.87,36.15,10
271,2014-12-16 11:42:00,13.87,35.99,10
272,2014-12-16 11:52:00,13.22,37.1,10
273,2014-12-16 12:03:00,13.54,36.78,11
274,2014-12-16 12:13:00,13.54,36.62,10
275,2014-12-16 12:23:00,13.22,36.62,10
276,2014-12-16 12:33:00,13.22,37.25,10
277,2014-12-16 12:44:00,,48.61,11
278,2014-12-16 12:54:00,,61.53,10
279,2014-12-16 13:04:00,12.58,53.97,10
280,2014-12-16 13:14:00,12.58,50.34,10
282,2014-12-16 13:35:00,12.25,41.98,10
283,2014-12-16 13:45:00,12.58,41.83,10
284,2014-12-16 13:56:00,12.25,42.77,11
285,2014-12-16 14:06:00,11.93,44.35,10
287,2014-12-16 14:26:00,12.58,42.77,10
288,2014-12-16 14:37:00,12.25,43.09,11
289,2014-12-16 14:47:00,11.93,44.19,10
290,2014-12-16 14:57:00,11.93,44.19,10
291,2014-12-16 15:07:00,11.61,44.35,10
292,2014-12-16 15:18:00,11.61,44.82,11
293,2014-12-16 15:28:00,11.29,45.61,10
294,2014-12-16 15:38:00,11.29,45.93,10
295,2014-12-16 15:48:00,11.29,46.08,10
296,2014-12-16 15:59:00,10.96,46.71,11
297,2014-12-16 16:09:00,11.29,45.77,10
298,2014-12-16 16:19:00,10.64,46.87,10
299,2014-12-16 16:30:00,10.96,45.93,11
300,2014-12-16 16:40:00,11.29,46.56,10
301,2014-12-16 16:50:00,10.96,47.19,10
302,2014-12-16 17:00:00,10.96,47.34,10
303,2014-12-16 17:11:00,10.64,48.29,11
304,2014-12-16 17:21:00,10.96,47.98,10
305,2014-12-16 17:31:00,10.96,47.34,10
306,2014-12-16 17:41:00,10.32,48.76,10
307,2014-12-16 17:52:00,10.64,48.13,11
308,2014-12-16 18:02:00,10.64,47.5,10
309,2014-12-16 18:12:00,10.64,47.34,10
310,2014-12-16 18:22:00,10.64,47.19,10
311,2014-12-16 18:33:00,10.64,47.34,11
312,2014-12-16 18:43:00,10.64,47.03,10
313,2014-12-16 18:53:00,10.64,47.66,10
314,2014-12-16 19:04:00,10.64,47.66,11
315,2014-12-16 19:14:00,10.64,47.34,10
316,2014-12-16 19:24:00,10.32,48.13,10
317,2014-12-16 19:34:00,10.64,47.66,10
318,2014-12-16 19:45:00,10.64,48.13,11
319,2014-12-16 19:55:00,10.96,46.71,10
320,2014-12-16 20:05:00,11.29,46.24,10
321,2014-12-16 20:15:00,11.29,46.4,10
322,2014-12-16 20:26:00,11.29,45.77,11
323,2014-12-16 20:36:00,11.61,44.66,10
324,2014-12-16 20:46:00,11.93,44.82,10
325,2014-12-16 20:56:00,12.25,42.93,10
326,2014-12-16 21:07:00,12.58,42.14,11
327,2014-12-16 21:17:00,12.9,41.35,10
328,2014-12-16 21:27:00,13.54,41.04,10
329,2014-12-16 21:38:00,13.54,38.83,11
330,2014-12-16 21:48:00,14.51,38.52,10
331,2014-12-16 21:58:00,14.51,37.25,10
332,2014-12-16 22:08:00,15.48,36.31,10
333,2014-12-16 22:19:00,18.7,33.0,11
334,2014-12-16 22:29:00,17.41,34.42,10
335,2014-12-16 22:39:00,18.7,31.58,10
336,2014-12-16 22:49:00,20.32,31.42,10
337,2014-12-16 23:00:00,19.35,31.58,11
338,2014-12-16 23:10:00,20.32,31.26,10
339,2014-12-16 23:20:00,21.29,30.79,10
340,2014-12-16 23:30:00,22.58,31.89,10
341,2014-12-16 23:41:00,22.25,28.9,11
342,2014-12-16 23:51:00,,29.21,10
344,2014-12-17 00:12:00,20.96,27.32,11
345,2014-12-17 00:22:00,22.9,28.27,10
346,2014-12-17 00:32:00,21.93,26.06,10
347,2014-12-17 00:42:00,22.25,25.27,10
348,2014-12-17 00:53:00,22.58,25.74,11
349,2014-12-17 01:03:00,18.38,28.27,10
350,2014-12-17 01:13:00,20.64,26.22,10
351,2014-12-17 01:23:00,20.96,25.59,10
353,2014-12-17 01:44:00,19.67,25.74,10
354,2014-12-17 01:54:00,21.61,27.16,10
355,2014-12-17 02:04:00,21.29,26.22,10
356,2014-12-17 02:15:00,22.58,29.06,11
358,2014-12-17 02:35:00,21.61,26.06,10
359,2014-12-17 02:46:00,21.61,28.42,11
360,2014-12-17 02:56:00,21.29,27.64,10
361,2014-12-17 03:06:00,21.29,28.27,10
362,2014-12-17 03:16:00,21.93,25.9,10
363,2014-12-17 03:27:00,21.93,26.22,11
364,2014-12-17 03:37:00,22.25,25.74,10
365,2014-12-17 03:47:00,21.93,27.48,10
366,2014-12-17 03:57:00,21.61,24.48,10
367,2014-12-17 04:08:00,23.87,,11
368,2014-12-17 04:18:00,,24.8,10
369,2014-12-17 04:28:00,24.51,24.8,10
370,2014-12-17 04:38:00,24.19,24.8,10
371,2014-12-17 04:49:00,,23.54,11
373,2014-12-17 05:09:00,24.51,25.43,10
374,2014-12-17 05:20:00,23.54,26.85,11
375,2014-12-17 05:30:00,25.16,25.74,10
376,2014-12-17 05:40:00,23.87,25.74,10
377,2014-12-17 05:50:00,22.9,25.43,10
378,2014-12-17 06:01:00,24.19,24.8,11
379,2014-12-17 06:11:00,22.25,25.27,10
380,2014-12-17 06:21:00,22.25,25.43,10
381,2014-12-17 06:31:00,21.93,25.9,10
382,2014-12-17 06:42:00,22.25,25.9,11
383,2014-12-17 06:52:00,21.93,27.32,10
384,2014-12-17 07:02:00,21.93,28.58,10
385,2014-12-17 07:12:00,22.58,27.32,10
386,2014-12-17 07:23:00,21.61,28.9,11
387,2014-12-17 07:33:00,20.64,30.95,10
388,2014-12-17 07:43:00,20.64,31.26,10
389,2014-12-17 07:54:00,19.35,33.63,11
390,2014-12-17 08:04:00,19.67,34.42,10
392,2014-12-17 08:24:00,18.38,32.68,10
394,2014-12-17 08:45:00,18.06,33.0,10
395,2014-12-17 08:55:00,17.41,,10
396,2014-12-17 09:05:00,17.09,34.42,10
397,2014-12-17 09:16:00,16.77,34.42,11
398,2014-12-17 09:26:00,16.45,35.36,10
399,2014-12-17 09:36:00,15.8,36.31,10
400,2014-12-17 09:46:00,15.48,36.62,10
401,2014-12-17 09:57:00,15.16,37.41,11
402,2014-12-17 10:07:00,14.83,37.88,10
403,2014-12-17 10:17:00,14.83,39.15,10
404,2014-12-17 10:28:00,14.51,38.52,11
406,2014-12-17 10:48:00,14.19,39.78,10
407,2014-12-17 10:58:00,14.19,40.72,10
408,2014-12-17 11:09:00,13.87,41.51,11
409,2014-12-17 11:19:00,13.54,42.3,10
410,2014-12-17 11:29:00,13.54,42.61,10
411,2014-12-17 11:39:00,13.54,42.14,10
412,2014-12-17 11:50:00,13.22,42.14,11
413,2014-12-17 12:00:00,13.22,42.3,10
414,2014-12-17 12:10:00,13.22,41.51,10
415,2014-12-17 12:20:00,12.9,41.83,10
416,2014-12-17 12:31:00,13.22,39.93,11
417,2014-12-17 12:41:00,13.22,39.62,10
418,2014-12-17 12:51:00,12.9,40.41,10
419,2014-12-17 13:02:00,13.22,39.46,11
420,2014-12-17 13:12:00,12.9,40.57,10
421,2014-12-17 13:22:00,12.25,42.3,10
422,2014-12-17 13:32:00,12.25,42.61,10
423,2014-12-17 13:43:00,11.61,44.66,11
425,2014-12-17 14:03:00,11.29,44.98,10
426,2014-12-17 14:13:00,10.96,,10
427,2014-12-17 14:24:00,10.64,46.08,11
428,2014-12-17 14:34:00,10.96,46.08,10
429,2014-12-17 14:44:00,10.64,46.87,10
430,2014-12-17 14:54:00,10.64,47.5,10
431,2014-12-17 15:05:00,,48.76,11
432,2014-12-17 15:15:00,10.32,48.29,10
433,2014-12-17 15:25:00,10.96,47.82,10
434,2014-12-17 15:36:00,10.64,47.34,11
435,2014-12-17 15:46:00,11.29,46.87,10
436,2014-12-17 15:56:00,11.61,45.14,10
437,2014-12-17 16:06:00,11.61,45.45,10
438,2014-12-17 16:17:00,11.61,44.98,11
439,2014-12-17 16:27:00,11.61,45.93,10
441,2014-12-17 16:47:00,11.29,47.19,10
444,2014-12-17 17:18:00,10.96,49.08,10
445,2014-12-17 17:28:00,10.64,49.71,10
446,2014-12-17 17:39:00,10.96,49.39,11
447,2014-12-17 17:49:00,10.96,48.76,10
448,2014-12-17 17:59:00,10.96,48.76,10
449,2014-12-17 18:10:00,10.64,48.76,11
450,2014-12-17 18:20:00,10.64,49.71,10
451,2014-12-17 18:30:00,10.32,50.66,10
452,2014-12-17 18:40:00,10.32,50.97,10
453,2014-12-17 18:51:00,10.0,50.81,11
455,2014-12-17 19:11:00,10.0,51.13,10
456,2014-12-17 19:21:00,10.32,50.66,10
457,2014-12-17 19:32:00,10.0,51.13,11
458,2014-12-17 19:42:00,10.64,49.87,10
459,2014-12-17 19:52:00,10.96,49.08,10
460,2014-12-17 20:03:00,11.61,48.45,11
461,2014-12-17 20:13:00,11.93,47.19,10
463,2014-12-17 20:33:00,12.58,45.61,10
464,2014-12-17 20:44:00,12.9,44.98,11
465,2014-12-17 20:54:00,13.54,44.98,10
466,2014-12-17 21:04:00,14.51,41.04,10
467,2014-12-17 21:14:00,14.51,39.3,10
468,2014-12-17 21:25:00,15.48,37.73,11
469,2014-12-17 21:35:00,15.8,37.73,10
470,2014-12-17 21:45:00,16.77,35.36,10
471,2014-12-17 21:55:00,17.41,33.63,10
472,2014-12-17 22:06:00,18.06,35.52,11
473,2014-12-17 22:16:00,21.29,32.37,10
474,2014-12-17 22:26:00,20.32,29.37,10
476,2014-12-17 22:47:00,26.45,25.74,11
477,2014-12-17 22:57:00,25.48,24.48,10
478,2014-12-17 23:07:00,26.77,23.38,10
479,2014-12-17 23:18:00,25.48,23.38,11
480,2014-12-17 23:28:00,26.77,21.96,10
481,2014-12-17 23:38:00,26.45,23.54,10
482,2014-12-17 23:48:00,25.16,23.38,10
483,2014-12-17 23:59:00,26.12,25.11,11
484,2014-12-18 00:09:00,24.83,25.9,10
485,2014-12-18 00:19:00,23.54,,10
486,2014-12-18 00:29:00,23.54,26.38,10
487,2014-12-18 00:40:00,,25.43,11
488,2014-12-18 00:50:00,24.51,24.96,10
489,2014-12-18 01:00:00,25.8,25.11,10
490,2014-12-18 01:10:00,23.22,24.48,10
491,2014-12-18 01:21:00,22.58,25.74,11
492,2014-12-18 01:31:00,22.9,25.9,10
493,2014-12-18 01:41:00,22.25,24.96,10
495,2014-12-18 02:02:00,23.87,24.17,10
496,2014-12-18 02:12:00,24.51,22.59,10
497,2014-12-18 02:22:00,24.19,26.06,10
498,2014-12-18 02:33:00,23.87,23.22,11
499,2014-12-18 02:43:00,24.19,23.54,10
500,2014-12-18 02:53:00,24.83,21.96,10
501,2014-12-18 03:03:00,26.12,23.85,10
502,2014-12-18 03:14:00,23.87,21.8,11
503,2014-12-18 03:24:00,23.22,21.65,10
504,2014-12-18 03:34:00,25.48,20.54,10
505,2014-12-18 03:44:00,22.9,23.54,10
506,2014-12-18 03:55:00,22.25,26.85,11
507,2014-12-18 04:05:00,20.96,31.58,10
508,2014-12-18 04:15:00,21.29,,10
509,2014-12-18 04:26:00,19.03,38.2,11
510,2014-12-18 04:36:00,15.48,52.23,10
512,2014-12-18 04:56:00,15.8,49.87,10
513,2014-12-18 05:07:00,15.48,48.92,11
514,2014-12-18 05:17:00,14.83,50.97,10
515,2014-12-18 05:27:00,13.87,53.97,10
516,2014-12-18 05:37:00,13.22,56.17,10
518,2014-12-18 05:58:00,13.87,57.44,10
519,2014-12-18 06:08:00,13.87,55.23,10
520,2014-12-18 06:18:00,13.54,56.17,10
521,2014-12-18 06:29:00,14.51,54.12,11
522,2014-12-18 06:39:00,15.8,48.13,10
523,2014-12-18 06:49:00,15.8,47.66,10
524,2014-12-18 07:00:00,16.77,47.34,11
525,2014-12-18 07:10:00,16.77,44.66,10
527,2014-12-18 07:30:00,15.8,,10
528,2014-12-18 07:41:00,15.48,,11
530,2014-12-18 08:01:00,14.83,54.12,10
531,2014-12-18 08:11:00,14.83,55.39,10
532,2014-12-18 08:22:00,15.16,52.71,11
533,2014-12-18 08:32:00,14.51,53.02,10
534,2014-12-18 08:42:00,14.83,49.55,10
535,2014-12-18 08:52:00,15.16,48.92,10
537,2014-12-18 09:13:00,14.19,51.76,10
538,2014-12-18 09:23:00,14.19,50.5,10
539,2014-12-18 09:34:00,14.19,50.5,11
540,2014-12-18 09:44:00,14.19,51.76,10
541,2014-12-18 09:54:00,14.19,53.81,10
542,2014-12-18 10:04:00,14.19,55.39,10
543,2014-12-18 10:15:00,14.19,54.12,11
544,2014-12-18 10:25:00,14.51,51.44,10
545,2014-12-18 10:35:00,14.51,50.5,10
546,2014-12-18 10:45:00,14.19,53.34,10
547,2014-12-18 10:56:00,14.51,51.13,11
548,2014-12-18 11:06:00,14.83,49.24,10
549,2014-12-18 11:16:00,14.83,49.24,10
550,2014-12-18 11:26:00,14.51,49.08,10
551,2014-12-18 11:37:00,14.51,48.45,11
552,2014-12-18 11:47:00,14.19,41.04,10
553,2014-12-18 11:57:00,13.87,42.3,10
554,2014-12-18 12:08:00,13.54,42.61,11
555,2014-12-18 12:18:00,13.54,41.04,10
556,2014-12-18 12:28:00,13.54,40.41,10
557,2014-12-18 12:38:00,12.9,41.35,10
558,2014-12-18 12:49:00,12.9,42.3,11
559,2014-12-18 12:59:00,12.9,41.83,10
560,2014-12-18 13:09:00,12.58,42.46,10
561,2014-12-18 13:19:00,12.58,43.4,10
562,2014-12-18 13:30:00,12.58,44.19,11
563,2014-12-18 13:40:00,12.25,45.3,10
564,2014-12-18 13:50:00,12.25,45.77,10
565,2014-12-18 14:00:00,11.93,46.56,10
567,2014-12-18 14:21:00,12.25,46.08,10
568,2014-12-18 14:31:00,12.25,46.71,10
569,2014-12-18 14:42:00,12.25,46.87,11
570,2014-12-18 14:52:00,11.93,47.5,10
571,2014-12-18 15:02:00,11.93,47.5,10
572,2014-12-18 15:12:00,11.61,49.08,10
573,2014-12-18 15:23:00,11.93,48.29,11
574,2014-12-18 15:33:00,11.61,48.61,10
575,2014-12-18 15:43:00,11.93,47.82,10
576,2014-12-18 15:53:00,11.61,48.92,10
577,2014-12-18 16:04:00,11.29,50.02,11
578,2014-12-18 16:14:00,11.29,50.02,10
579,2014-12-18 16:24:00,10.96,50.02,10
580,2014-12-18 16:34:00,10.96,50.66,10
581,2014-12-18 16:45:00,10.96,50.02,11
582,2014-12-18 16:55:00,10.96,49.55,10
583,2014-12-18 17:05:00,11.29,49.71,10
584,2014-12-18 17:16:00,10.96,49.24,11
585,2014-12-18 17:26:00,10.64,50.34,10
586,2014-12-18 17:36:00,10.64,50.66,10
587,2014-12-18 17:46:00,,51.29,10
588,2014-12-18 17:57:00,,53.34,11
589,2014-12-18 18:07:00,10.0,53.02,10
590,2014-12-18 18:17:00,10.32,52.39,10
591,2014-12-18 18:27:00,9.67,53.97,10
592,2014-12-20 02:58:00,23.54,34.1,1951
593,2014-12-20 03:08:00,22.9,35.36,10
594,2014-12-20 03:19:00,22.25,34.26,11
595,2014-12-20 03:29:00,23.22,31.89,10
596,2014-12-20 03:39:00,22.25,,10
597,2014-12-20 03:49:00,23.22,33.79,10
598,2014-12-20 04:00:00,22.58,,11
600,2014-12-20 04:20:00,25.16,32.21,10
601,2014-12-20 04:30:00,25.48,31.58,10
602,2014-12-20 04:41:00,26.45,32.05,11
603,2014-12-20 04:51:00,25.16,30.47,10
604,2014-12-20 05:01:00,25.48,33.15,10
605,2014-12-20 05:12:00,26.12,33.0,11
606,2014-12-20 05:22:00,24.19,34.1,10
607,2014-12-20 05:32:00,25.16,34.89,10
608,2014-12-20 05:42:00,25.16,34.1,10
609,2014-12-20 05:53:00,25.16,35.05,11
610,2014-12-20 06:03:00,24.51,35.68,10
612,2014-12-20 06:23:00,21.93,39.15,10
613,2014-12-20 06:34:00,21.61,40.09,11
614,2014-12-20 06:44:00,22.25,38.2,10
615,2014-12-20 06:54:00,21.29,41.04,10
616,2014-12-20 07:04:00,20.96,40.88,10
618,2014-12-20 07:25:00,20.96,40.88,10
619,2014-12-20 07:35:00,20.0,44.82,10
620,2014-12-20 07:46:00,19.67,44.82,11
621,2014-12-20 07:56:00,19.03,46.56,10
622,2014-12-20 08:06:00,19.03,46.87,10
623,2014-12-20 08:16:00,18.38,48.61,10
624,2014-12-20 08:27:00,18.38,48.76,11
625,2014-12-20 08:37:00,18.06,48.92,10
626,2014-12-20 08:47:00,17.41,49.71,10
627,2014-12-20 08:57:00,17.41,50.34,10
628,2014-12-20 09:08:00,17.09,51.13,11
629,2014-12-20 09:18:00,16.77,50.97,10
630,2014-12-20 09:28:00,16.77,52.39,10
631,2014-12-20 09:38:00,16.45,53.18,10
632,2014-12-20 09:49:00,16.45,53.02,11
633,2014-12-20 09:59:00,16.45,51.44,10
634,2014-12-20 10:09:00,16.45,50.18,10
635,2014-12-20 10:20:00,16.45,50.02,11
636,2014-12-20 10:30:00,16.12,50.18,10
637,2014-12-20 10:40:00,16.12,50.34,10
638,2014-12-20 10:50:00,15.48,51.29,10
639,2014-12-20 11:01:00,15.48,51.29,11
640,2014-12-20 11:11:00,,50.02,10
641,2014-12-20 11:21:00,15.16,51.92,10
643,2014-12-20 11:42:00,14.51,54.28,11
644,2014-12-20 11:52:00,14.83,53.18,10
645,2014-12-20 12:02:00,14.51,54.28,10
646,2014-12-20 12:12:00,14.19,55.7,10
647,2014-12-20 12:23:00,14.19,56.65,11
648,2014-12-20 12:33:00,13.87,57.59,10
649,2014-12-20 12:43:00,13.54,63.74,10
650,2014-12-20 12:54:00,12.9,65.79,11
652,2014-12-20 13:14:00,12.58,66.9,10
653,2014-12-20 13:24:00,12.58,66.74,10
654,2014-12-20 13:35:00,12.58,67.68,11
655,2014-12-20 13:45:00,12.58,67.21,10
656,2014-12-20 13:55:00,12.58,68.0,10
657,2014-12-20 14:05:00,12.25,67.84,10
658,2014-12-20 14:16:00,12.25,66.9,11
660,2014-12-20 14:36:00,12.25,68.0,10
661,2014-12-20 14:46:00,11.93,67.84,10
662,2014-12-20 14:57:00,11.93,67.68,11
663,2014-12-20 15:07:00,11.61,68.0,10
664,2014-12-20 15:17:00,11.61,68.0,10
665,2014-12-20 15:28:00,11.61,68.0,11
666,2014-12-20 15:38:00,11.61,67.37,10
667,2014-12-20 15:48:00,11.61,67.53,10
668,2014-12-20 15:58:00,11.61,68.0,10
669,2014-12-20 16:09:00,11.61,68.16,11
670,2014-12-20 16:19:00,11.61,68.16,10
671,2014-12-20 16:29:00,11.61,68.16,10
672,2014-12-20 16:39:00,11.61,68.16,10
673,2014-12-20 16:50:00,11.61,68.16,11
674,2014-12-20 17:00:00,11.61,68.16,10
675,2014-12-20 17:10:00,11.61,68.47,10
676,2014-12-20 17:20:00,11.61,68.31,10
677,2014-12-20 17:31:00,11.61,68.16,11
678,2014-12-20 17:41:00,11.93,68.31,10
679,2014-12-20 17:51:00,11.93,68.31,10
680,2014-12-20 18:02:00,11.93,68.31,11
681,2014-12-20 18:12:00,11.29,67.68,10
682,2014-12-20 18:22:00,11.61,68.0,10
683,2014-12-20 18:32:00,11.29,67.37,10
684,2014-12-20 18:43:00,11.29,66.58,11
685,2014-12-20 18:53:00,10.96,67.21,10
686,2014-12-20 19:03:00,10.96,67.37,10
687,2014-12-20 19:13:00,10.96,,10
688,2014-12-20 19:24:00,11.29,67.84,11
689,2014-12-20 19:34:00,11.61,66.9,10
690,2014-12-20 19:44:00,11.61,66.42,10
692,2014-12-20 20:05:00,11.93,66.42,11
693,2014-12-20 20:15:00,12.25,65.32,10
696,2014-12-20 20:46:00,13.54,65.48,9
697,2014-12-20 20:56:00,13.87,65.63,10
698,2014-12-20 21:06:00,14.19,61.69,10
699,2014-12-20 21:17:00,14.51,59.17,11
700,2014-12-20 21:27:00,15.16,59.8,10
701,2014-12-20 21:37:00,15.8,59.33,10
702,2014-12-20 21:47:00,16.12,57.12,10
703,2014-12-20 21:58:00,17.09,56.33,11
704,2014-12-20 22:08:00,17.41,52.86,10
705,2014-12-20 22:18:00,21.93,49.87,10
706,2014-12-20 22:28:00,20.0,47.5,10
707,2014-12-20 22:39:00,24.19,43.09,11
708,2014-12-20 22:49:00,25.16,40.88,10
709,2014-12-20 22:59:00,26.12,38.99,10
710,2014-12-20 23:10:00,27.74,35.2,11
711,2014-12-20 23:20:00,29.03,35.2,10
712,2014-12-20 23:30:00,,33.0,10
713,2014-12-20 23:40:00,29.35,34.1,10
714,2014-12-20 23:51:00,29.03,32.52,11
715,2014-12-21 00:01:00,29.67,30.16,10
717,2014-12-21 00:21:00,31.93,28.42,10
718,2014-12-21 00:32:00,30.96,33.63,11
719,2014-12-21 00:42:00,30.96,,10
720,2014-12-21 00:52:00,31.29,38.2,10
721,2014-12-21 01:02:00,31.29,37.25,10
722,2014-12-21 01:13:00,30.96,32.84,11
723,2014-12-21 01:23:00,31.29,34.42,10
724,2014-12-21 01:33:00,30.32,31.26,10
725,2014-12-21 01:44:00,30.64,29.06,11
726,2014-12-21 01:54:00,30.32,,10
728,2014-12-21 02:14:00,30.0,32.52,10
729,2014-12-21 02:25:00,30.32,34.1,11
730,2014-12-21 02:35:00,31.61,27.01,10
731,2014-12-21 02:45:00,31.93,26.53,10
733,2014-12-21 03:06:00,32.58,24.96,11
734,2014-12-21 03:16:00,,24.64,10
735,2014-12-21 03:26:00,33.22,25.11,10
736,2014-12-21 03:36:00,33.87,-7.04,10
737,2014-12-21 03:47:00,34.19,-24.22,11
738,2014-12-21 03:57:00,33.54,-24.7,10
739,2014-12-21 04:07:00,35.8,-24.7,10
741,2014-12-21 04:28:00,34.51,-24.54,10
742,2014-12-21 04:38:00,36.77,-24.7,10
743,2014-12-21 04:48:00,,-24.7,10
744,2014-12-21 04:59:00,36.45,-24.7,11
745,2014-12-21 05:09:00,34.19,1.781,10
746,2014-12-21 05:19:00,34.83,6.198,10
747,2014-12-21 05:29:00,35.16,12.34,10
748,2014-12-21 05:40:00,34.83,-13.98,11
749,2014-12-21 05:50:00,36.77,-19.97,10
750,2014-12-21 06:00:00,32.9,-3.737,10
751,2014-12-21 06:10:00,30.0,25.117,10
752,2014-12-21 06:21:00,30.0,28.277,11
753,2014-12-21 06:31:00,28.06,34.107,10
755,2014-12-21 06:52:00,26.77,38.367,11
756,2014-12-21 07:02:00,,39.307,10
757,2014-12-21 07:12:00,27.41,39.787,10
758,2014-12-21 07:22:00,28.06,38.677,10
759,2014-12-21 07:33:00,30.64,,11
761,2014-12-21 07:53:00,28.7,29.537,10
762,2014-12-21 08:03:00,26.77,38.677,10
763,2014-12-21 08:14:00,26.77,39.627,11
764,2014-12-21 08:24:00,26.45,38.997,10
765,2014-12-21 08:34:00,26.45,37.737,10
766,2014-12-21 08:44:00,25.8,34.107,10
768,2014-12-21 09:05:00,25.48,33.007,10
769,2014-12-21 09:15:00,25.16,32.217,10
770,2014-12-21 09:26:00,,31.117,11
771,2014-12-21 09:36:00,24.83,31.747,10
772,2014-12-21 09:46:00,24.51,33.157,10
773,2014-12-21 09:56:00,24.19,34.107,10
774,2014-12-21 10:07:00,23.54,38.837,11
775,2014-12-21 10:17:00,21.93,47.827,10
776,2014-12-21 10:27:00,20.96,50.507,10
777,2014-12-21 10:37:00,20.64,,10
778,2014-12-21 10:48:00,20.64,50.977,11
779,2014-12-21 10:58:00,20.64,50.977,10
780,2014-12-21 11:08:00,20.64,47.037,10
781,2014-12-21 11:18:00,20.64,44.037,10
782,2014-12-21 11:29:00,20.32,48.767,11
784,2014-12-21 11:49:00,18.38,59.017,10
785,2014-12-21 12:00:00,18.38,59.177,11
786,2014-12-21 12:10:00,18.06,59.807,10
787,2014-12-21 12:20:00,18.06,59.337,10
788,2014-12-21 12:30:00,18.06,59.967,10
789,2014-12-21 12:41:00,17.74,,11
790,2014-12-21 12:51:00,17.74,60.757,10
792,2014-12-21 13:11:00,17.74,60.907,10
793,2014-12-21 13:22:00,17.41,60.127,11
794,2014-12-21 13:32:00,17.41,60.127,10
795,2014-12-21 13:42:00,17.41,61.857,10
796,2014-12-21 13:52:00,17.09,,10
797,2014-12-21 14:03:00,17.09,62.487,11
798,2014-12-21 14:13:00,16.77,63.277,10
799,2014-12-21 14:23:00,16.77,63.277,10
800,2014-12-21 14:34:00,16.77,62.957,11
801,2014-12-21 14:44:00,16.77,63.117,10
802,2014-12-21 14:54:00,16.77,62.807,10
803,2014-12-21 15:04:00,16.77,63.117,10
804,2014-12-21 15:15:00,16.45,62.647,11
805,2014-12-21 15:25:00,16.45,61.537,10
806,2014-12-21 15:35:00,16.45,61.067,10
807,2014-12-21 15:45:00,16.45,60.277,10
808,2014-12-21 15:56:00,16.45,60.277,11
809,2014-12-21 16:06:00,16.45,60.127,10
810,2014-12-21 16:16:00,16.45,59.967,10
811,2014-12-21 16:26:00,16.45,59.487,10
812,2014-12-21 16:37:00,16.45,59.807,11
813,2014-12-21 16:47:00,16.12,60.127,10
814,2014-12-21 16:57:00,16.12,61.067,10
815,2014-12-21 17:08:00,16.12,60.597,11
816,2014-12-21 17:18:00,15.8,61.697,10
817,2014-12-21 17:28:00,15.8,,10
819,2014-12-21 17:49:00,15.8,62.487,11
820,2014-12-21 17:59:00,15.8,62.957,10
821,2014-12-21 18:09:00,15.48,63.437,10
823,2014-12-21 18:30:00,16.12,62.177,11
824,2014-12-21 18:40:00,16.12,60.127,10
825,2014-12-21 18:50:00,16.12,59.647,10
826,2014-12-21 19:00:00,15.8,60.757,10
827,2014-12-21 19:11:00,16.12,,11
828,2014-12-21 19:21:00,16.12,60.437,10
829,2014-12-21 19:31:00,16.45,60.437,10
830,2014-12-21 19:42:00,16.45,59.647,11
831,2014-12-21 19:52:00,16.45,60.127,10
832,2014-12-21 20:02:00,16.77,60.127,10
833,2014-12-21 20:12:00,16.77,59.647,10
834,2014-12-21 20:23:00,17.09,59.647,11
836,2014-12-21 20:43:00,17.74,58.077,10
837,2014-12-21 20:53:00,18.06,57.597,10
838,2014-12-21 21:04:00,18.38,55.707,11
839,2014-12-21 21:14:00,19.35,54.607,10
841,2014-12-21 21:34:00,19.67,52.717,10
843,2014-12-21 21:55:00,19.67,53.187,10
844,2014-12-21 22:05:00,20.0,51.767,10
845,2014-12-21 22:16:00,21.29,51.137,11
846,2014-12-21 22:26:00,22.25,48.297,10
847,2014-12-21 22:36:00,24.51,46.247,10
849,2014-12-21 22:57:00,24.19,48.457,11
851,2014-12-21 23:17:00,24.83,46.717,10
852,2014-12-21 23:27:00,26.12,44.357,10
853,2014-12-21 23:38:00,23.54,48.297,11
854,2014-12-21 23:48:00,23.22,49.717,10
855,2014-12-21 23:58:00,25.8,46.717,10
856,2014-12-22 00:08:00,24.83,46.567,10
857,2014-12-22 00:19:00,25.48,46.567,11
858,2014-12-22 00:29:00,25.8,47.347,10
859,2014-12-22 00:39:00,24.19,47.827,10
860,2014-12-22 00:50:00,24.83,46.087,11
862,2014-12-22 01:10:00,25.48,46.877,10
863,2014-12-22 01:20:00,25.16,47.987,10
864,2014-12-22 01:31:00,24.83,50.027,11
865,2014-12-22 01:41:00,23.87,48.927,10
866,2014-12-22 01:51:00,24.19,48.617,10
867,2014-12-22 02:01:00,,47.987,10
868,2014-12-22 02:12:00,23.87,49.397,11
869,2014-12-22 02:22:00,23.54,49.087,10
870,2014-12-22 02:32:00,23.54,48.297,10
871,2014-12-22 02:42:00,22.9,50.347,10
872,2014-12-22 02:53:00,22.58,51.767,11
873,2014-12-22 03:03:00,24.51,50.027,10
874,2014-12-22 03:13:00,24.19,50.817,10
875,2014-12-22 03:24:00,24.19,48.927,11
876,2014-12-22 03:34:00,24.51,48.297,10
877,2014-12-22 03:44:00,24.51,49.087,10
878,2014-12-22 03:54:00,23.54,51.297,10
879,2014-12-22 04:05:00,23.22,52.237,11
880,2014-12-22 04:15:00,23.54,50.817,10
881,2014-12-22 04:25:00,24.19,50.187,10
882,2014-12-22 04:35:00,25.16,48.767,10
883,2014-12-22 04:46:00,24.83,47.987,11
884,2014-12-22 04:56:00,24.19,50.027,10
885,2014-12-22 05:06:00,24.51,48.457,10
886,2014-12-22 05:16:00,24.19,50.817,10
887,2014-12-22 05:27:00,22.9,52.717,11
888,2014-12-22 05:37:00,22.58,52.557,10
889,2014-12-22 05:47:00,,52.557,10
890,2014-12-22 05:58:00,22.58,52.557,11
891,2014-12-22 06:08:00,22.58,51.767,10
892,2014-12-22 06:18:00,22.25,51.447,10
893,2014-12-22 06:28:00,21.93,53.657,10
894,2014-12-22 06:39:00,22.25,52.867,11
895,2014-12-22 06:49:00,21.93,52.867,10
896,2014-12-22 06:59:00,21.61,54.127,10
897,2014-12-22 07:09:00,,53.657,10
898,2014-12-22 07:20:00,21.61,53.187,11
899,2014-12-22 07:30:00,21.93,53.347,10
900,2014-12-22 07:40:00,21.61,53.027,10
901,2014-12-22 07:50:00,,54.287,10
902,2014-12-22 08:01:00,21.29,54.447,11
903,2014-12-22 08:11:00,20.96,55.077,10
904,2014-12-22 08:21:00,20.96,55.077,10
905,2014-12-22 08:32:00,20.96,54.607,11
906,2014-12-22 08:42:00,20.96,54.607,10
907,2014-12-22 08:52:00,21.29,,10
908,2014-12-22 09:02:00,21.29,54.287,10
909,2014-12-22 09:13:00,21.29,53.977,11
910,2014-12-22 09:23:00,20.96,54.607,10
911,2014-12-22 09:33:00,20.96,54.607,10
912,2014-12-22 09:43:00,20.96,54.917,10
913,2014-12-22 09:54:00,20.32,56.657,11
914,2014-12-22 10:04:00,20.32,56.657,10
915,2014-12-22 10:14:00,20.64,57.127,10
916,2014-12-22 10:24:00,20.32,58.387,10
917,2014-12-22 10:35:00,20.0,59.017,11
918,2014-12-22 10:45:00,21.29,54.917,10
920,2014-12-22 11:06:00,21.61,54.287,11
921,2014-12-22 11:16:00,20.96,56.657,10
922,2014-12-22 11:26:00,20.64,57.757,10
923,2014-12-22 11:36:00,20.32,59.017,10
924,2014-12-22 11:47:00,20.64,58.547,11
925,2014-12-22 11:57:00,20.96,57.287,10
926,2014-12-22 12:07:00,20.96,58.547,10
927,2014-12-22 12:17:00,20.96,58.077,10
928,2014-12-22 12:28:00,21.29,56.657,11
929,2014-12-22 12:38:00,20.96,56.967,10
930,2014-12-22 12:48:00,20.0,60.757,10
931,2014-12-22 12:58:00,20.0,69.267,10
932,2014-12-22 13:09:00,20.64,64.067,11
933,2014-12-22 13:19:00,20.64,67.057,10
934,2014-12-22 13:29:00,20.64,65.487,10
935,2014-12-22 13:40:00,20.32,63.587,11
936,2014-12-22 13:50:00,19.67,66.587,10
937,2014-12-22 14:00:00,19.35,68.477,10
938,2014-12-22 14:10:00,19.35,69.107,10
939,2014-12-22 14:21:00,19.67,68.477,11
940,2014-12-22 14:31:00,19.67,69.267,10
941,2014-12-22 14:41:00,19.67,66.907,10
942,2014-12-22 14:51:00,19.67,66.587,10
943,2014-12-22 15:02:00,19.35,68.477,11
944,2014-12-22 15:12:00,20.0,66.427,10
945,2014-12-22 15:22:00,20.0,64.217,10
946,2014-12-22 15:32:00,19.67,66.267,10
947,2014-12-22 15:43:00,19.35,67.377,11
948,2014-12-22 15:53:00,19.03,68.167,10
949,2014-12-22 16:03:00,18.7,68.637,10
950,2014-12-22 16:14:00,19.03,67.377,11
951,2014-12-22 16:24:00,18.7,68.947,10
953,2014-12-22 16:44:00,18.7,69.427,10
954,2014-12-22 16:55:00,18.7,69.267,11
955,2014-12-22 17:05:00,,69.587,10
956,2014-12-22 17:15:00,18.7,69.427,10
957,2014-12-22 17:25:00,19.03,68.477,10
958,2014-12-22 17:36:00,19.03,68.477,11
959,2014-12-22 17:46:00,19.03,68.637,10
960,2014-12-22 17:56:00,18.7,69.737,10
961,2014-12-22 18:06:00,18.7,69.737,10
962,2014-12-22 18:17:00,18.7,70.057,11
963,2014-12-22 18:27:00,19.03,69.107,10
964,2014-12-22 18:37:00,19.35,66.587,10
965,2014-12-22 18:48:00,19.67,65.007,11
966,2014-12-22 18:58:00,,65.487,10
967,2014-12-22 19:08:00,19.35,66.747,10
968,2014-12-22 19:18:00,18.7,69.107,10
969,2014-12-22 19:29:00,19.35,65.327,11
970,2014-12-22 19:39:00,,65.487,10
971,2014-12-22 19:49:00,20.0,62.957,10
972,2014-12-22 19:59:00,20.0,60.277,10
973,2014-12-22 20:10:00,20.32,59.487,11
974,2014-12-22 20:20:00,20.64,57.917,10
975,2014-12-22 20:30:00,20.96,56.967,10
976,2014-12-22 20:40:00,,57.447,10
977,2014-12-22 20:51:00,20.64,56.177,11
978,2014-12-22 21:01:00,20.96,56.177,10
979,2014-12-22 21:11:00,20.96,55.397,10
980,2014-12-22 21:22:00,21.29,54.757,11
981,2014-12-22 21:32:00,21.61,50.977,10
982,2014-12-22 21:42:00,21.93,50.977,10
983,2014-12-22 21:52:00,21.61,49.397,10
984,2014-12-22 22:03:00,23.54,48.297,11
985,2014-12-22 22:13:00,24.19,45.617,10
986,2014-12-22 22:23:00,23.54,44.197,10
987,2014-12-22 22:33:00,24.83,43.567,10
988,2014-12-22 22:44:00,24.19,43.887,11
989,2014-12-22 22:54:00,23.87,44.037,10
990,2014-12-22 23:04:00,25.48,43.257,10
991,2014-12-22 23:14:00,26.77,40.097,10
992,2014-12-22 23:25:00,29.35,37.737,11
993,2014-12-22 23:35:00,26.45,39.157,10
994,2014-12-22 23:45:00,26.12,38.997,10
995,2014-12-22 23:56:00,24.83,45.937,11
997,2014-12-23 00:16:00,23.87,47.667,10
998,2014-12-23 00:26:00,23.54,47.347,10
999,2014-12-23 00:37:00,23.22,47.827,11
1000,2014-12-23 00:47:00,24.19,46.877,10
1001,2014-12-23 00:57:00,24.51,45.777,10
1002,2014-12-23 01:07:00,23.54,46.567,10
1004,2014-12-23 01:28:00,25.16,45.777,10
1005,2014-12-23 01:38:00,23.22,47.507,10
1007,2014-12-23 01:59:00,25.16,45.147,11
1008,2014-12-23 02:09:00,24.51,45.147,10
1009,2014-12-23 02:19:00,25.16,43.727,10
1010,2014-12-23 02:30:00,24.51,42.937,11
1012,2014-12-23 02:50:00,24.19,,10
1014,2014-12-23 03:11:00,22.9,51.137,11
1016,2014-12-23 03:31:00,,49.397,10
1017,2014-12-23 03:41:00,22.25,51.137,10
1018,2014-12-23 03:52:00,22.58,52.867,11
1019,2014-12-23 04:02:00,21.61,55.397,10
1020,2014-12-23 04:12:00,20.32,61.067,10
1021,2014-12-23 04:22:00,21.93,56.807,10
1022,2014-12-23 04:33:00,22.25,53.977,11
1023,2014-12-23 04:43:00,25.16,49.087,10
1024,2014-12-23 04:53:00,23.87,52.077,10
1025,2014-12-23 05:04:00,22.58,53.027,11
1026,2014-12-23 05:14:00,22.9,52.397,10
1027,2014-12-23 05:24:00,21.61,52.237,10
1028,2014-12-23 05:34:00,21.29,55.077,10
1029,2014-12-23 05:45:00,20.0,57.127,11
1030,2014-12-23 05:55:00,19.67,57.127,10
1031,2014-12-23 06:05:00,18.7,56.807,10
1032,2014-12-23 06:15:00,18.38,56.807,10
1033,2014-12-23 06:26:00,18.38,56.807,11
1034,2014-12-23 06:36:00,17.74,57.597,10
1035,2014-12-23 06:46:00,17.41,57.127,10
1036,2014-12-23 06:56:00,17.74,55.707,10
1037,2014-12-23 07:07:00,17.74,55.867,11
1038,2014-12-23 07:17:00,17.74,55.547,10
1039,2014-12-23 07:27:00,17.74,54.287,10
1040,2014-12-23 07:38:00,17.09,55.077,11
1041,2014-12-23 07:48:00,17.09,55.867,10
1042,2014-12-23 07:58:00,17.09,56.497,10
1043,2014-12-23 08:08:00,17.09,55.397,10
1044,2014-12-23 08:19:00,16.77,54.917,11
1045,2014-12-23 08:29:00,16.77,55.397,10
1046,2014-12-23 08:39:00,16.77,54.127,10
1047,2014-12-23 08:49:00,16.77,55.397,10
1048,2014-12-23 09:00:00,16.45,,11
1049,2014-12-23 09:10:00,16.45,55.707,10
1051,2014-12-23 09:30:00,16.45,53.817,10
1052,2014-12-23 09:41:00,16.12,52.867,11
1053,2014-12-23 09:51:00,16.12,52.397,10
1055,2014-12-23 10:12:00,16.12,52.397,11
1056,2014-12-23 10:22:00,15.8,52.717,10
1057,2014-12-23 10:32:00,15.8,53.187,10
1058,2014-12-23 10:42:00,15.8,,10
1059,2014-12-23 10:53:00,15.8,52.077,11
1060,2014-12-23 11:03:00,15.8,51.447,10
1061,2014-12-23 11:13:00,15.8,51.297,10
1062,2014-12-23 11:23:00,15.8,51.297,10
1063,2014-12-23 11:34:00,15.8,50.347,11
1064,2014-12-23 11:44:00,15.48,50.347,10
1065,2014-12-23 11:54:00,15.48,50.977,10
1066,2014-12-23 12:04:00,15.48,49.557,10
1067,2014-12-23 12:15:00,15.48,48.457,11
1068,2014-12-23 12:25:00,15.16,48.297,10
1070,2014-12-23 12:46:00,15.48,48.297,11
1071,2014-12-23 12:56:00,15.16,49.397,10
1072,2014-12-23 13:06:00,15.16,45.457,10
1073,2014-12-23 13:16:00,15.16,44.197,10
1074,2014-12-23 13:27:00,15.16,44.667,11
1075,2014-12-23 13:37:00,15.16,44.667,10
1077,2014-12-23 13:57:00,15.16,46.247,10
1078,2014-12-23 14:08:00,15.16,46.247,11
1079,2014-12-23 14:18:00,14.83,46.247,10
1080,2014-12-23 14:28:00,14.51,46.877,10
1081,2014-12-23 14:39:00,14.19,46.717,11
1082,2014-12-23 14:49:00,14.19,47.347,10
1083,2014-12-23 14:59:00,14.19,47.347,10
1084,2014-12-23 15:09:00,14.19,47.827,10
1087,2014-12-23 15:40:00,14.19,48.617,10
1089,2014-12-23 16:01:00,14.19,48.927,11
1090,2014-12-23 16:11:00,13.87,49.717,10
1091,2014-12-23 16:21:00,13.87,,10
1092,2014-12-23 16:31:00,13.87,49.717,10
1093,2014-12-23 16:42:00,13.54,50.187,11
1094,2014-12-23 16:52:00,13.22,51.767,10
1096,2014-12-23 17:12:00,13.87,50.507,10
1098,2014-12-23 17:33:00,13.22,56.337,10
1099,2014-12-23 17:43:00,12.9,60.127,10
1100,2014-12-23 17:54:00,,61.227,11
1101,2014-12-23 18:04:00,12.58,62.177,10
1102,2014-12-23 18:14:00,12.58,61.537,10
1103,2014-12-23 18:24:00,12.58,62.647,10
1104,2014-12-23 18:35:00,12.9,61.857,11
1105,2014-12-23 18:45:00,12.58,61.387,10
1106,2014-12-23 18:55:00,12.58,62.017,10
1107,2014-12-23 19:05:00,12.58,61.227,10
1108,2015-01-05 02:56:00,22.58,38.99,17751
1110,2015-01-05 03:17:00,22.9,39.46,10
1111,2015-01-05 03:27:00,23.22,36.47,10
1112,2015-01-05 03:38:00,23.22,35.99,11
1113,2015-01-05 03:48:00,23.87,34.26,10
1115,2015-01-05 04:08:00,25.16,32.37,10
1116,2015-01-05 04:19:00,24.19,34.73,11
1118,2015-01-05 04:39:00,23.22,35.05,10
1119,2015-01-05 04:49:00,24.83,35.68,10
1120,2015-01-05 05:00:00,24.51,33.0,11
1121,2015-01-05 05:10:00,24.51,32.52,10
1122,2015-01-05 05:20:00,25.8,33.47,10
1123,2015-01-05 05:30:00,,33.47,10
1124,2015-01-05 05:41:00,24.19,34.42,11
1125,2015-01-05 05:51:00,25.48,31.58,10
1126,2015-01-05 06:01:00,25.16,34.42,10
1127,2015-01-05 06:12:00,24.51,38.52,11
1128,2015-01-05 06:22:00,22.25,41.83,10
1129,2015-01-05 06:32:00,21.93,34.89,10
1130,2015-01-05 06:42:00,21.93,34.89,10
1131,2015-01-05 06:53:00,21.29,33.15,11
1132,2015-01-05 07:03:00,21.93,39.15,10
1133,2015-01-05 07:13:00,21.93,32.05,10
1134,2015-01-05 07:23:00,21.61,29.69,10
1135,2015-01-05 07:34:00,21.93,30.32,11
1137,2015-01-05 07:54:00,20.0,36.94,10
1138,2015-01-05 08:04:00,20.0,35.36,10
1139,2015-01-05 08:15:00,,36.78,11
1140,2015-01-05 08:25:00,19.67,36.47,10
1141,2015-01-05 08:35:00,19.35,39.62,10
1142,2015-01-05 08:46:00,18.38,42.77,11
1143,2015-01-05 08:56:00,18.06,41.98,10
1144,2015-01-05 09:06:00,17.74,43.56,10
1145,2015-01-05 09:16:00,17.41,45.14,10
1146,2015-01-05 09:27:00,17.09,42.77,11
1147,2015-01-05 09:37:00,17.09,41.04,10
1148,2015-01-05 09:47:00,16.77,44.51,10
1149,2015-01-05 09:57:00,16.77,44.82,10
1150,2015-01-05 10:08:00,16.45,46.24,11
1152,2015-01-05 10:28:00,16.45,47.03,10
1153,2015-01-05 10:38:00,16.45,47.5,10
1154,2015-01-05 10:49:00,16.12,47.98,11
1155,2015-01-05 10:59:00,16.12,50.18,10
1156,2015-01-05 11:09:00,16.12,53.02,10
1157,2015-01-05 11:20:00,15.8,54.44,11
1158,2015-01-05 11:30:00,16.12,55.07,10
1159,2015-01-05 11:40:00,16.12,56.33,10
1160,2015-01-05 11:50:00,16.12,57.91,10
1162,2015-01-05 12:11:00,15.8,57.75,10
1163,2015-01-05 12:21:00,16.12,58.85,10
1164,2015-01-05 12:31:00,16.45,60.43,10
1165,2015-01-05 12:42:00,16.77,59.8,11
1166,2015-01-05 12:52:00,16.77,60.27,10
1167,2015-01-05 13:02:00,16.77,61.06,10
1168,2015-01-05 13:12:00,17.09,62.32,10
1169,2015-01-05 13:23:00,16.77,68.94,11
1170,2015-01-05 13:33:00,16.12,74.15,10
1171,2015-01-05 13:43:00,16.12,76.2,10
1172,2015-01-05 13:54:00,15.8,75.57,11
1173,2015-01-05 14:04:00,16.12,76.99,10
1174,2015-01-05 14:14:00,16.12,71.94,10
1175,2015-01-05 14:24:00,16.12,75.09,10
1176,2015-01-05 14:35:00,16.12,72.73,11
1177,2015-01-05 14:45:00,15.8,76.83,10
1178,2015-01-05 14:55:00,15.48,74.78,10
1179,2015-01-05 15:05:00,15.48,73.04,10
1180,2015-01-05 15:16:00,15.8,65.16,11
1181,2015-01-05 15:26:00,16.12,56.33,10
1182,2015-01-05 15:36:00,16.45,56.65,10
1184,2015-01-05 15:57:00,16.77,75.25,11
1185,2015-01-05 16:07:00,16.77,75.25,10
1186,2015-01-05 16:17:00,16.77,74.94,10
1188,2015-01-05 16:38:00,16.45,63.43,10
1189,2015-01-05 16:48:00,16.45,59.96,10
1190,2015-01-05 16:58:00,16.45,68.31,10
1191,2015-01-05 17:09:00,16.45,64.53,11
1192,2015-01-05 17:19:00,,67.68,10
1193,2015-01-05 17:29:00,16.12,65.48,10
1194,2015-01-05 17:39:00,16.12,65.79,10
1195,2015-01-05 17:50:00,16.12,65.16,11
1196,2015-01-05 18:00:00,16.45,68.31,10
1197,2015-01-05 18:10:00,16.45,68.0,10
1198,2015-01-05 18:20:00,16.12,68.47,10
1199,2015-01-05 18:31:00,16.12,68.0,11
1200,2015-01-05 18:41:00,16.12,68.63,10
1201,2015-01-05 18:51:00,16.12,71.31,10
1202,2015-01-05 19:02:00,16.12,69.26,11
1203,2015-01-05 19:12:00,,67.84,10
1204,2015-01-05 19:22:00,15.8,66.9,10
1206,2015-01-05 19:43:00,16.45,68.79,11
1207,2015-01-05 19:53:00,16.45,,10
1208,2015-01-05 20:03:00,16.77,68.94,10
1209,2015-01-05 20:13:00,17.41,66.74,10
1211,2015-01-05 20:34:00,17.09,67.21,10
1212,2015-01-05 20:44:00,17.41,62.8,10
1213,2015-01-05 20:54:00,18.06,62.64,10
1214,2015-01-05 21:05:00,18.7,62.95,11
1215,2015-01-05 21:15:00,18.7,61.53,10
1216,2015-01-05 21:25:00,18.7,58.85,10
1217,2015-01-05 21:36:00,19.35,56.96,11
1218,2015-01-05 21:46:00,18.7,57.91,10
1219,2015-01-05 21:56:00,20.64,,10
1220,2015-01-05 22:06:00,,52.55,10
1222,2015-01-05 22:27:00,23.22,45.77,10
1223,2015-01-08 05:53:00,24.19,44.82,3326
1224,2015-01-08 06:04:00,23.87,42.61,11
1225,2015-01-08 06:14:00,23.87,48.76,10
1226,2015-01-08 06:24:00,23.54,46.4,10
1227,2015-01-08 06:34:00,23.22,47.82,10
1228,2015-01-08 06:45:00,23.54,46.4,11
1229,2015-01-08 06:55:00,23.22,50.81,10
1230,2015-01-08 07:05:00,23.22,48.29,10
1231,2015-01-08 07:15:00,24.19,48.13,10
1232,2015-01-08 07:26:00,23.87,50.34,11
1233,2015-01-08 07:36:00,24.19,48.29,10
1234,2015-01-08 07:46:00,23.87,42.46,10
1235,2015-01-08 07:56:00,23.54,44.98,10
1236,2015-01-08 08:07:00,23.54,41.98,11
1237,2015-01-08 08:17:00,23.54,41.67,10
1238,2015-01-08 08:27:00,23.22,43.72,10
1239,2015-01-08 08:38:00,22.9,44.98,11
1240,2015-01-08 08:48:00,22.58,46.08,10
1241,2015-01-08 08:58:00,22.9,43.4,10
1242,2015-01-08 09:08:00,22.25,,10
1243,2015-01-08 09:19:00,21.93,47.19,11
1244,2015-01-08 09:29:00,21.61,49.24,10
1245,2015-01-08 09:39:00,21.29,47.82,10
1246,2015-01-08 09:49:00,21.61,46.71,10
1247,2015-01-08 10:00:00,21.29,52.07,11
1248,2015-01-08 10:10:00,20.96,51.76,10
1249,2015-01-08 10:20:00,20.64,56.96,10
1250,2015-01-08 10:30:00,20.64,55.07,10
1251,2015-01-08 10:41:00,20.64,58.7,11
1252,2015-01-08 10:51:00,20.96,54.44,10
1253,2015-01-08 11:01:00,20.96,54.12,10
1254,2015-01-08 11:12:00,20.96,52.39,11
1255,2015-01-08 11:22:00,20.64,57.28,10
1256,2015-01-08 11:32:00,20.64,56.02,10
1257,2015-01-08 11:42:00,20.32,55.54,10
1259,2015-01-08 12:03:00,20.96,58.85,10
1260,2015-01-08 12:13:00,20.96,52.39,10
1261,2015-01-08 12:23:00,20.32,59.01,10
1262,2015-01-08 12:34:00,20.64,59.33,11
1263,2015-01-08 12:44:00,20.96,53.34,10
1264,2015-01-08 12:54:00,20.0,56.96,10
1265,2015-01-08 13:04:00,19.67,58.22,10
1266,2015-01-08 13:15:00,19.67,55.54,11
1267,2015-01-08 13:25:00,19.35,56.49,10
1268,2015-01-08 13:35:00,19.35,59.64,10
1269,2015-01-08 13:46:00,19.35,59.01,11
1270,2015-01-08 13:56:00,19.35,62.01,10
1271,2015-01-08 14:06:00,19.03,60.12,10
1272,2015-01-08 14:16:00,19.03,62.01,10
1273,2015-01-08 14:27:00,19.03,61.53,11
1274,2015-01-08 14:37:00,18.7,61.38,10
1275,2015-01-08 14:47:00,18.7,60.9,10
1276,2015-01-08 14:57:00,18.7,61.22,10
1277,2015-01-08 15:08:00,,56.65,11
1278,2015-01-08 15:18:00,18.38,56.02,10
1279,2015-01-08 15:28:00,18.38,57.28,10
1281,2015-01-08 15:49:00,18.06,59.01,11
1282,2015-01-08 15:59:00,18.06,60.9,10
1283,2015-01-08 16:09:00,17.74,59.33,10
1284,2015-01-08 16:20:00,17.74,55.86,11
1285,2015-01-08 16:30:00,17.41,58.54,10
1286,2015-01-08 16:40:00,17.41,56.17,10
1287,2015-01-08 16:50:00,17.41,57.59,10
1288,2015-01-08 17:01:00,17.41,59.48,11
1289,2015-01-08 17:11:00,17.41,58.54,10
1290,2015-01-08 17:21:00,17.09,58.7,10
1292,2015-01-08 17:42:00,17.09,59.33,11
1293,2015-01-08 17:52:00,17.09,60.27,10
1294,2015-01-08 18:02:00,17.41,59.01,10
1295,2015-01-08 18:12:00,17.09,61.38,10
1296,2015-01-08 18:23:00,17.09,60.9,11
1297,2015-01-08 18:33:00,16.77,61.22,10
1298,2015-01-08 18:43:00,16.77,59.96,10
1299,2015-01-08 18:54:00,16.45,60.9,11
1300,2015-01-08 19:04:00,16.12,63.58,10
1301,2015-01-08 19:14:00,16.12,68.0,10
1302,2015-01-08 19:24:00,15.8,68.79,10
1304,2015-01-08 19:45:00,15.8,62.32,10
1305,2015-01-08 19:55:00,15.8,58.85,10
1306,2015-01-08 20:05:00,,65.79,10
1307,2015-01-08 20:16:00,16.12,68.79,11
1308,2015-01-08 20:26:00,15.8,65.63,10
1309,2015-01-08 20:36:00,15.8,68.63,10
1310,2015-01-08 20:46:00,15.8,70.36,10
1311,2015-01-08 20:57:00,15.48,69.26,11
1312,2015-01-08 21:07:00,15.8,69.58,10
1313,2015-01-08 21:17:00,15.8,67.84,10
1314,2015-01-08 21:28:00,15.8,67.37,11
1315,2015-01-08 21:38:00,15.48,,10
1316,2015-01-08 21:48:00,15.8,62.32,10
1317,2015-01-08 21:58:00,14.83,68.94,10
1318,2015-01-08 22:09:00,15.48,68.94,11
1319,2015-01-08 22:19:00,15.48,68.79,10
1320,2015-01-08 22:29:00,15.48,68.0,10
1321,2015-01-08 22:39:00,15.48,68.79,10
1322,2015-01-08 22:50:00,15.48,69.42,11
1323,2015-01-08 23:00:00,15.16,68.47,10
1324,2015-01-08 23:10:00,15.48,68.63,10
1325,2015-01-08 23:20:00,15.8,65.0,10
1326,2015-01-08 23:31:00,15.16,65.79,11
1328,2015-01-08 23:51:00,15.8,68.16,10
1329,2015-01-09 00:02:00,16.45,66.42,11
1330,2015-01-09 00:12:00,,66.26,10
1331,2015-01-09 00:22:00,18.06,62.01,10
1332,2015-01-09 00:33:00,17.09,61.22,11
1333,2015-01-09 00:43:00,17.09,61.69,10
1334,2015-01-09 00:53:00,16.77,60.59,10
1335,2015-01-09 01:03:00,16.12,61.06,10
1336,2015-01-09 01:13:00,16.12,61.06,10
1337,2015-01-09 01:24:00,16.12,61.85,11
1338,2015-01-09 01:34:00,16.12,60.27,10
1339,2015-01-09 01:44:00,16.77,61.53,10
1340,2015-01-09 01:54:00,16.45,58.54,10
1341,2015-01-09 02:05:00,16.77,55.23,11
1342,2015-01-09 02:15:00,16.45,56.17,10
1343,2015-01-09 02:25:00,16.45,57.91,10
1344,2015-01-09 02:36:00,16.77,55.54,11
1345,2015-01-09 02:46:00,16.77,53.34,10
1346,2015-01-09 02:56:00,16.45,57.59,10
1347,2015-01-09 03:06:00,16.45,59.64,10
1348,2015-01-09 03:17:00,16.77,56.8,11
1349,2015-01-09 03:27:00,16.45,56.49,10
1350,2015-01-09 03:37:00,17.09,57.91,10
1351,2015-01-09 03:47:00,17.09,57.75,10
1352,2015-01-09 03:58:00,17.09,54.28,11
1353,2015-01-09 04:08:00,16.77,54.75,10
1354,2015-01-09 04:18:00,17.74,,10
1355,2015-01-09 04:29:00,17.09,54.75,11
1356,2015-01-09 04:39:00,17.09,55.23,10
1357,2015-01-09 04:49:00,17.09,55.86,10
1358,2015-01-09 04:59:00,16.45,58.07,10
1359,2015-01-09 05:10:00,16.77,57.91,11
1361,2015-01-09 05:30:00,16.12,57.75,10
1362,2015-01-09 05:40:00,16.45,57.91,10
1363,2015-01-09 05:51:00,16.12,57.91,11
1364,2015-01-09 06:01:00,15.8,59.17,10
1365,2015-01-09 06:11:00,,62.64,10
1366,2015-01-09 06:21:00,15.48,60.75,10
1367,2015-01-09 06:32:00,15.8,58.85,11
